-- phpMyAdmin SQL Dump
-- version 5.2.1
-- https://www.phpmyadmin.net/
--
-- Host: 127.0.0.1
-- Generation Time: Jan 26, 2024 at 07:28 AM
-- Server version: 10.4.32-MariaDB
-- PHP Version: 8.2.12

SET SQL_MODE = "NO_AUTO_VALUE_ON_ZERO";
START TRANSACTION;
SET time_zone = "+00:00";


/*!40101 SET @OLD_CHARACTER_SET_CLIENT=@@CHARACTER_SET_CLIENT */;
/*!40101 SET @OLD_CHARACTER_SET_RESULTS=@@CHARACTER_SET_RESULTS */;
/*!40101 SET @OLD_COLLATION_CONNECTION=@@COLLATION_CONNECTION */;
/*!40101 SET NAMES utf8mb4 */;

--
-- Database: `mandilinks`
--

-- --------------------------------------------------------

--
-- Table structure for table `admin_users`
--

CREATE TABLE `admin_users` (
  `id` int(11) NOT NULL,
  `username` varchar(255) DEFAULT NULL,
  `email` varchar(200) NOT NULL,
  `password` varchar(255) DEFAULT NULL,
  `phone_no` varchar(255) DEFAULT NULL,
  `permissions` varchar(255) DEFAULT NULL,
  `type` tinyint(4) DEFAULT 1 COMMENT '0= super_admin, 1 = staff user',
  `status` tinyint(4) NOT NULL DEFAULT 1 COMMENT '0 = inactive, 1 = active',
  `created_at` datetime DEFAULT NULL,
  `updated_at` datetime DEFAULT NULL
) ENGINE=MyISAM DEFAULT CHARSET=latin1 COLLATE=latin1_swedish_ci;

--
-- Dumping data for table `admin_users`
--

INSERT INTO `admin_users` (`id`, `username`, `email`, `password`, `phone_no`, `permissions`, `type`, `status`, `created_at`, `updated_at`) VALUES
(1, 'Admin', 'admin@gmail.com', '$2y$12$3a8mjCQxD54t89r/w7STAOl3xBFdmmByfEj70DV92knLbkdNfaLU6', NULL, NULL, 0, 1, '2022-04-15 12:25:42', '2023-12-26 12:03:02');

-- --------------------------------------------------------

--
-- Table structure for table `blogs`
--

CREATE TABLE `blogs` (
  `id` bigint(20) UNSIGNED NOT NULL,
  `image` varchar(255) NOT NULL DEFAULT 'blog.png',
  `title` varchar(255) NOT NULL,
  `status` tinyint(4) NOT NULL DEFAULT 1 COMMENT '1: Published, 0: Unpublished',
  `description` mediumtext NOT NULL,
  `created_at` timestamp NULL DEFAULT NULL,
  `updated_at` timestamp NULL DEFAULT NULL
) ENGINE=InnoDB DEFAULT CHARSET=utf8mb4 COLLATE=utf8mb4_unicode_ci;

--
-- Dumping data for table `blogs`
--

INSERT INTO `blogs` (`id`, `image`, `title`, `status`, `description`, `created_at`, `updated_at`) VALUES
(8, '1704719091.png', 'مزاحیہ مضمون - از  پطرس بخاری', 1, '<p style=\"margin-left:auto;text-align:right;\"><span style=\"font-size:22px;\"><strong><u>علم الحیوانات کے پروفیسروں سے پوچھا</u></strong></span></p><p style=\"margin-left:auto;text-align:right;\">&nbsp;</p><p style=\"margin-left:auto;text-align:right;\"><span style=\"font-size:18px;\">علم الحیوانات کے پروفیسروں سے پوچھ<strong><u>ا</u></strong>، سلوتریوں سے دریافت کیا، خود سرکھپاتے رہے لیکن کبھی سمجھ میں نہ آیا کہ آخر کتوں کافائدہ کیا ہے؟ گائے کو لیجئے، دودھ دیتی ہے، بکری کو لیجئے، دودھ دیتی ہے اور مینگنیاں بھی۔ یہ کتے کیا کرتے ہیں؟ کہنے لگے کہ، ’’کتا وفادار جانور ہے۔‘‘ اب جناب وفاداری اگر اسی کا نام ہے کہ شام کے سات بجے سے جو بھونکنا شروع کیا تو لگاتار بغیر دم ليے صبح کے چھ بجے تک بھونکتے چلے گئے، تو ہم لنڈورے ہی بھلے۔</span></p><p style=\"margin-left:auto;text-align:right;\"><span style=\"font-size:18px;\">کل ہی کی بات ہے کہ رات کے کوئی گیارہ بجے ایک کتے کی طبیعت جو ذرا گدگدائی تو انہوں نے باہر سڑک پر آکر ’’طرح‘‘ کا ایک مصرع دے دیا۔ ایک آدھ منٹ کے بعد سامنے کے بنگلے میں ایک کتے نے مطلع عرض کردیا۔ اب جناب ایک کہنہ مشق استاد کو جو غصہ آیا ایک حلوائی کے چولہے میں سے باہر لپکے اور بھنا کے پوری غزل مقطع تک کہہ گئے۔ اس پر شمال مشرق کی طرف سے ایک قدر شناس کتےنے زوروں کی داد دی۔ اب تو حضرت وہ مشاعرہ گرم ہواکہ کچھ نہ پوچھیے۔</span></p><p style=\"margin-left:auto;text-align:right;\"><span style=\"font-size:18px;\">کمبخت بعض تو دو غزلے، سہ غزلے لکھ لائے تھے۔ کئی ایک نے فی البدیہہ قصیدے کے قصیدے پڑھ ڈالے۔ وہ ہنگامہ گرم ہوا کہ ٹھنڈا ہونے میں نہ آتا تھا۔ ہم نے کھڑکی میں سے ہزاروں دفعہ ’’آرڈر آرڈر‘‘ پکارا لیکن کبھی ایسے موقعوں پر پردھان کی بھی کوئی نہیں سنتا۔ اب ان سے کوئی پوچھئے کہ میاں تمہیں کوئی ایسا ہی ضروری مشاعرہ کرنا تھا تو دریا کے کنارے کھلی ہوا میں جاکر طبع آزمائی کرتے یہ گھروں کے درمیان آکر سوتوں کو ستانا کون سی شرافت ہے؟</span></p><p style=\"margin-left:auto;text-align:right;\"><span style=\"font-size:18px;\">اورپھر ہم دیسی لوگوں کے کتے بھی کچھ عجیب بدتمیز واقع ہوئے ہیں۔ اکثر تو ان میں ایسے قوم پرست ہیں کہ پتلون کوٹ کو دیکھ کر بھونکنے لگ جاتے ہیں۔ خیر یہ تو ایک حد تک قابل تعریف بھی ہے۔ اس کا ذکر ہی جانے دیجیے۔ اس کے علاوہ ایک اور بات ہے یعنی ہمیں بارہا ڈالیاں لے کر صاحب لوگوں کے بنگلوں پر جانے کا اتفاق ہوا، خدا کی قسم ان کے کتوں میں وہ شائستگی دیکھی ہے کہ عش عش کرتے لوٹ آئے ہیں۔</span></p><p style=\"margin-left:auto;text-align:right;\"><span style=\"font-size:18px;\">جوں ہی ہم بنگلے کے اندر داخل ہوئے، کتے نے برآمدے میں کھڑے کھڑے ہی ایک ہلکی سی ’’بخ‘‘ کردی اور پھر منہ بند کرکے کھڑا ہوگیا۔ ہم آگے بڑھے تو اس نے بھی چار قدم آگے بڑھ کر ایک نازک اور پاکیزہ آواز میں پھر ’’بخ‘‘ کردی۔ چوکیداری کی چوکیداری موسیقی کی موسیقی۔ ہمارے کتے ہیں کہ نہ راگ نہ سُر، نہ سر نہ پیر۔ تان پہ تان لگائے جاتے ہیں۔ بےتالے کہیں کے۔ نہ موقع دیکھتے ہیں، نہ وقت پہچانتے ہیں۔ بس گلے بازی کيے جاتے ہیں۔ گھمنڈ اس بات پر ہے کہ تان سین اسی ملک میں تو پیدا ہوا تھا۔</span></p><p style=\"margin-left:auto;text-align:right;\"><span style=\"font-size:18px;\">اس میں شک نہیں کہ ہمارے تعلقات کتوں سے ذرا کشیدہ ہی رہے ہیں لیکن ہم سے قسم لے لیجیئے جو ایسے موقع پر ہم نے کبھی ستیا گرہ سے منہ موڑا ہو۔ شاید آپ اس کو تعلّی سمجھیں لیکن خدا شاہد ہے کہ آج تک کبھی کسی کتے پر ہاتھ اُٹھ ہی نہ سکا۔ اکثر دوستوں نے صلاح دی کہ رات کے وقت لاٹھی، چھڑی ضرور ہاتھ میں رکھنی چاہییے کہ دافع بلیات ہے، لیکن ہم کسی سے خواہ مخواہ عداوت پیدا نہیں کرنا چاہتے۔</span></p><p style=\"margin-left:auto;text-align:right;\"><span style=\"font-size:18px;\">کتے کے بھونکتے ہی ہماری طبعی شرافت ہم پر اس درجہ غلبہ پا جاتی ہے کہ آپ ہمیں اگر اس وقت دیکھیں تو یقیناً یہی سمجھیں گے کہ ہم بزدل ہیں۔ شاید آپ اس وقت یہ بھی اندازہ لگا لیں کہ ہمارا گلا خشک ہوا جاتا ہے۔ یہ البتہ ٹھیک ہے۔ ایسے موقع پر کبھی گانے کی کوشش کروں تو کھرج کے سُروں کے سوا اور کچھ نہیں نکلتا۔ اگر آپ نے بھی ہم جیسی طبیعت پائی ہو تو آپ دیکھیں گے کہ ایسے موقع پر آیۃ الکرسی آپ کے ذہن سے اُتر جائے گی۔ اس کی جگہ آپ شاید دعائے قنوت پڑھنے لگ جائیں۔</span></p><p style=\"margin-left:auto;text-align:right;\"><span style=\"font-size:18px;\">بعض اوقات ایسا اتفاق بھی ہوا ہے کہ رات کے دو بجےچھڑی گھماتے تھیٹر سے واپس آرہے ہیں اور ناٹک کے کسی نہ کسی گیت کی طرز ذہن میں بٹھانے کی کوشش کر رہے ہیں، چونکہ گیت کے الفاظ یاد نہیں اور نومشقی کا عالم بھی ہے اس ليے سیٹی پر اکتفا کی ہے کہ بےسرے بھی ہوگئے، تو کوئی یہی سمجھے گا انگریزی موسیقی ہے۔ اتنے میں ایک موڑ پر سے جو مڑے تو سامنے ایک بکری بندھی تھی۔ ذرا تصور ملاحظہ ہو۔</span></p><p style=\"margin-left:auto;text-align:right;\"><span style=\"font-size:18px;\">آنکھوں نے اسے بھی کتا دیکھا۔ ایک تو کتا اور پھر بکری کی جسامت کا۔ گویا بہت ہی کتا۔ بس ہاتھ پاؤں پھول گئے۔ چھڑی کی گردش دھیمی ہوتے ہوتے ایک نہایت ہی نامعقول زاویے پر ہوا میں کہیں ٹھہر گئی۔ سیٹی کی موسیقی بھی تھرتھرا کر خاموش ہوگئی لیکن کیا مجال جو ہماری تھوتھنی کی مخروطی شکل میں ذرا بھی فرق آیا ہو۔گویا ایک بےآواز لے ابھی تک نکل رہی تھی۔طب کا مسئلہ ہے کہ ایسے موقعوں پر اگر سردی کے موسم میں بھی پسینا آجائے تو کوئی مضائقہ نہیں، بعد میں پھر سوکھ جاتا ہے۔</span></p><p style=\"margin-left:auto;text-align:right;\"><span style=\"font-size:18px;\">چونکہ ہم طبعاً ذرا محتاط ہیں اس ليے آج تک کتے کے کاٹنے کا کبھی اتفاق نہیں ہوا، یعنی کسی کتے نے آج تک ہم کو کبھی نہیں کاٹا۔ اگر ایسا سانحہ کبھی پیش آیا ہوتا تو اس سرگزشت کے بجائے آج ہمارا مرثیہ چھپ رہا ہوتا۔ تاریخی مصرعہ دعائیہ ہوتا کہ ’’اس کتے کی مٹی سے بھی کتا گھاس پیدا ہو‘‘</span></p><p style=\"margin-left:auto;text-align:right;\"><span style=\"font-size:20px;\">لیکن</span></p><p style=\"margin-left:auto;text-align:center;\"><span style=\"font-size:20px;\"><strong>کہوں کس سے میں کہ کیا ہے سگ رہ بری بلا ہے</strong></span></p><p style=\"margin-left:auto;text-align:center;\"><span style=\"font-size:20px;\"><strong>مجھے کیا برا تھا مرنا اگر ایک بار ہوتا</strong></span></p><p style=\"margin-left:auto;text-align:center;\">&nbsp;</p><p style=\"margin-left:auto;text-align:right;\"><span style=\"font-size:18px;\">جب تک اس دنیا میں کتے موجود ہیں اور بھونکنے پر مصر ہیں، سمجھ لیجیے کہ ہم قبر میں پاؤں لٹکائے بیٹھے ہیں اور پھر ان کتوں کے بھونکنے کے اصول بھی تو کچھ نرالے ہیں، یعنی ا یک تو متعدی مرض ہے اور پھر بچوں، بوڑھوں سبھی کو لاحق ہے۔ اگر کوئی بھاری بھرکم اسفندیار کتا کبھی کبھی اپنے رعب اور دبدبے کو قائم رکھنے کے ليے بھونک لے تو ہم بھی چاروناچار کہہ دیں کہ بھئی بھونک۔ (اگرچہ ایسے وقت میں اس کو زنجیر سے بندھاہوا ہونا چاہیے) لیکن یہ کمبخت دو روزہ، سہ روزہ دو، دو، تین تین، تولے کے پلے بھی تو بھونکنے سے باز نہیں آتے۔ باریک آواز ذراسا پھیپھڑا اس پر بھی اتنا زور لگا کر بھونکتے ہیں کہ آواز کی لرزش دُم تک پہنچتی ہے اور پھر بھونکتے ہیں، چلتی موٹر کے سامنےآکر گویا اسے روک ہی لیں گے۔ اب اگر یہ خاکسار موٹر چلا رہا ہوتو قطعاً ہاتھ کام کرنے سے انکار کردیں لیکن ہر کوئی یوں ان کی جان بخشی تھوڑا ہی کردے گا؟</span></p><p style=\"margin-left:auto;text-align:right;\"><span style=\"font-size:18px;\">کتوں کے بھونکنے پر مجھے سب سے بڑا اعتراض یہ ہے کہ ان کی آواز سوچنے کے تمام قویٰ کو معطل کردیتی ہے، خصوصاً جب کسی دکان کے تختے کے نیچے سے ان کا ایک پورا خفیہ جلسہ باہر سڑک پر آکر تبلیغ کا کام شروع کردے تو آپ ہی کہیے ہوش ٹھکانے رہ سکتے ہیں؟ ہر ایک کی طرف باری باری متوجہ ہونا پڑتا ہے۔ کچھ ان کا شور کچھ ہماری صدائے احتجاج (زیرلب) بےڈھنگی حرکات وسکنات (حرکات ان کی، سکنات ہماری۔) اس ہنگامے میں دماغ بھلا خاک کام کرسکتا ہے؟ اگرچہ یہ مجھے بھی نہیں معلوم کہ اگر ایسے موقع پر دماغ کام کرے بھی تو کیا تیر مارلے گا؟</span></p><p style=\"margin-left:auto;text-align:right;\"><span style=\"font-size:18px;\">بہرصورت کتوں کی یہ پرلےدرجے کی ناانصافی میرے نزدیک ہمیشہ قابل نفریں رہی ہے۔ اگر ان کا ایک نمائندہ شرافت کے ساتھ ہم سے آکر کہہ دے کہ عالی جناب، سڑک بند ہے تو خدا کی قسم ہم بغیر چون وچرا کیے واپس لوٹ جائیں اور یہ کوئی نئی بات نہیں ہے۔ ہم نے کتوں کی درخواست پر کئی راتیں سڑکیں ناپنے میں گزاردی ہیں لیکن پوری مجلس کا یوں متفقہ و متحدہ طور پر سینہ زوری کرنا ایک کمینہ حرکت ہے۔ (قارئین کرام کی خدمت میں عرض ہے کہ اگر ان کا کوئی عزیزومحترم کتا کمرے میں موجود ہو تو یہ مضمون بلند آواز سے نہ پڑھا جائے۔ مجھے کسی کی دل شکنی مطلوب نہیں۔)</span></p><p style=\"margin-left:auto;text-align:right;\"><span style=\"font-size:18px;\">خدا نے ہر قوم میں نیک افراد بھی پیدا کئے ہیں۔ کتے اس کلیے سے مستثنیٰ نہیں۔ آپ نے خدا ترس کتا بھی ضرور دیکھا ہوگا۔ عموماً اس کے جسم پر تپسیا کے اثرات ظاہر ہوتے ہیں۔ جب چلتا ہے تو اس مسکینی اور عجز سے گویا بارگناہ کا احساس آنکھ نہیں اٹھانے دیتا۔ دم اکثر پیٹ کے ساتھ لگی ہوتی ہے۔ سڑک کے بیچوں بیچ غوروفکر کے ليے لیٹ جاتا ہے اور آنکھیں بندکرلیتا ہے۔ شکل بالکل فلاسفروں کی سی اور شجرہ دیوجانس کلبی سے ملتا ہے۔ کسی گاڑی والے نے متواتر بگل بجایا۔ گاڑی کے مختلف حصوں کو کھٹکھٹایا۔ لوگوں سے کہلوایا۔ خود دس بارہ دفعہ آوازیں دیں تو آپ نے سرکو وہیں زمین پر رکھے سرخ مخمور آنکھوں کو کھولا۔ صورت حالات کو ایک نظر دیکھا اور پھر آنکھیں بند کرلیں۔ کسی نے ایک چابک لگا دیاتو آپ نہایت اطمینان کے ساتھ وہاں سے اُٹھ کر ایک گز پرے جالیٹے اور خیالات کے سلسلے کو جہاں سے وہ ٹوٹ گیا تھا وہیں سے پھر شروع کردیا۔ کسی بائیسکل والے نے گھنٹی بجائی، تو لیٹے لیٹے ہی سمجھ گئے کہ بائیسکل ہے۔ ایسی چھچھوری چیزوں کے ليے وہ راستہ چھوڑ دینا فقیری کی شان کے خلاف سمجھتے ہیں۔</span></p><p style=\"margin-left:auto;text-align:right;\"><span style=\"font-size:18px;\">رات کے وقت یہی کتا اپنی خشک، پتلی سی دم کو تابحد امکان سڑک پر پھیلا کر رکھتا ہے۔ اس سے محض خدا کے برگزیدہ بندوں کی آزمائش مقصود ہوتی ہے جہاں آپ نے غلطی سے اس پر پاؤں رکھ دیا، انہوں نے غیظ وغب، کے لہجہ میں آپ سے پرسش شروع کردی۔ ’’بچا فقیروں کو چھیڑتا ہے۔ نظر نہیں آتا، ہم سادھو لوگ یہاں بیٹھے ہیں‘‘ بس اس فقیر کی بددعا سے اسی وقت رعشہ شروع ہوجاتا ہے۔ بعد میں کئی راتوں تک یہی خواب نظر آتے رہتے ہیں کہ بےشمار کتے ٹانگوں سے لپٹے ہوئے ہیں اور جانے نہیں دیتے۔ آنکھ کھلتی ہے تو پاؤں چارپائی کی ادوان میں پھنسے ہوتے ہیں۔</span></p><p style=\"margin-left:auto;text-align:right;\"><span style=\"font-size:18px;\">اگر خدا مجھے کچھ عرصے کے ليے اعلیٰ قسم کے بھونکنے اور کاٹنے کی طاقت عطا فرمائےتو جنون انتقام میرے پاس کافی مقدار میں ہے۔ رفتہ رفتہ سب کتے علاج کے ليے کسولی پہنچ جائیں۔ ا یک شعر ہے،</span></p><p style=\"margin-left:auto;text-align:center;\"><span style=\"font-size:20px;\"><strong>عرفی تو میندیش زغو غائے رقیباں</strong></span></p><p style=\"margin-left:auto;text-align:center;\"><span style=\"font-size:20px;\"><strong>آواز سگاں کم نہ کند رزق گدارا</strong></span></p><p style=\"margin-left:auto;text-align:right;\"><span style=\"font-size:18px;\">یہی وہ خلاف فطرت شاعری ہے جو ایشیا کے ليے باعث ننگ ہے۔ انگریزی میں ایک مثل ہے کہ ’’بھونکتےہوئے </span><span style=\"background-color:rgb(246,246,246);font-size:18px;\">کتے </span><span style=\"font-size:18px;\">کاٹا نہیں کرتے۔‘‘ یہ بجا سہی، لیکن کون جانتا ہے، کہ ایک بھونکتا ہوا کتا کب بھونکنا بند کردے، اور کاٹنا شروع </span>کردے<span style=\"font-size:22px;\">؟</span></p>', '2024-01-08 05:17:04', '2024-01-09 00:41:00'),
(9, '1704718634.jpeg', 'کبھی اے حقیقت منتظر نظر آ لباس مجاز میں - از علامہ محمد اقبال', 1, '<p style=\"text-align:center;\"><span style=\"font-size:18px;\"><strong>(نظم)</strong></span></p><p style=\"text-align:center;\"><span style=\"font-size:22px;\"><strong>کبھی اے حقیقت منتظر نظر آ لباس مجاز میں</strong></span></p><p style=\"text-align:center;\"><strong>( علامہ محمد اقبال)</strong></p><p style=\"text-align:center;\">&nbsp;</p><p style=\"text-align:center;\"><span style=\"font-size:18px;\">کبھی اے حقیقتِ منتظَر! نظر آ لباسِ مجاز میں</span><br><span style=\"font-size:18px;\">کہ ہزاروں سجدے تڑپ رہے ہیں مری جبینِ نیاز میں</span></p><p style=\"text-align:center;\">&nbsp;</p><p style=\"text-align:center;\"><span style=\"font-size:18px;\">طرَب آشنائے خروش ہو، تُو نَوا ہے محرمِ گوش ہو</span><br><span style=\"font-size:18px;\">وہ سرود کیا کہ چھُپا ہوا ہو سکوتِ پردۂ ساز میں</span></p><p style=\"text-align:center;\">&nbsp;</p><p style=\"text-align:center;\"><span style=\"font-size:18px;\">تُو بچا بچا کے نہ رکھ اسے، ترا آئنہ ہے وہ آئنہ</span><br><span style=\"font-size:18px;\">کہ شکستہ ہو تو عزیز تر ہے نگاہِ آئنہ ساز میں</span></p><p style=\"text-align:center;\">&nbsp;</p><p style=\"text-align:center;\"><span style=\"font-size:18px;\">دمِ طوف کرمکِ شمع نے یہ کہا کہ وہ اَثرِ کہن</span><br><span style=\"font-size:18px;\">نہ تری حکایتِ سوز میں، نہ مری حدیثِ گداز میں</span></p><p style=\"text-align:center;\">&nbsp;</p><p style=\"text-align:center;\"><span style=\"font-size:18px;\">نہ کہیں جہاں میں اماں ملی جو اماں ملی تو کہاں ملی</span></p><p style=\"text-align:center;\"><span style=\"font-size:18px;\">مرے جرم خانہ خراب کو ترے عفو بندہ نواز میں</span></p><p style=\"text-align:center;\">&nbsp;</p><p style=\"text-align:center;\"><span style=\"font-size:18px;\">نہ وہ عشق میں رہیں گرمیاں نہ وہ حسن میں رہیں شوخیاں</span></p><p style=\"text-align:center;\"><span style=\"font-size:18px;\">نہ وہ غزنوی میں تڑپ رہی نہ وہ خم ہے زلف ایاز میں</span></p><p style=\"text-align:center;\">&nbsp;</p><p style=\"text-align:center;\"><span style=\"font-size:18px;\">جو میں سر بہ سجدہ ہوا کبھی تو زمیں سے آنے لگی صدا</span></p><p style=\"text-align:center;\"><span style=\"font-size:18px;\">ترا دل تو ہے صنم آشنا تجھے کیا ملے گا نماز میں</span></p><p style=\"text-align:center;\">&nbsp;</p>', '2024-01-08 06:08:09', '2024-01-08 09:03:07');

-- --------------------------------------------------------

--
-- Table structure for table `categories`
--

CREATE TABLE `categories` (
  `id` bigint(20) UNSIGNED NOT NULL,
  `title` varchar(255) NOT NULL,
  `image` varchar(255) NOT NULL DEFAULT 'default.png',
  `parent_id` bigint(20) UNSIGNED DEFAULT NULL,
  `status` tinyint(4) NOT NULL DEFAULT 1 COMMENT '0: Inactive, 1: Active',
  `created_at` timestamp NULL DEFAULT NULL,
  `updated_at` timestamp NULL DEFAULT NULL
) ENGINE=InnoDB DEFAULT CHARSET=utf8mb4 COLLATE=utf8mb4_unicode_ci;

--
-- Dumping data for table `categories`
--

INSERT INTO `categories` (`id`, `title`, `image`, `parent_id`, `status`, `created_at`, `updated_at`) VALUES
(1, 'Dairy', 'default.png	', NULL, 1, '2023-12-26 07:41:28', '2023-12-28 00:21:19'),
(3, 'Milk Products', '1703678448.jpg', 1, 1, '2023-12-27 07:43:16', '2023-12-28 00:21:19'),
(10, 'Water & Drinks', 'default.png	', NULL, 1, '2023-12-28 00:23:55', '2023-12-28 00:23:55'),
(11, 'All Eggs', 'default.png	', NULL, 1, '2023-12-28 00:24:03', '2023-12-28 01:42:01'),
(12, 'Cooking Oils & Ghee', 'default.png	', NULL, 1, '2023-12-28 00:24:18', '2023-12-28 00:24:18'),
(13, 'Fresh Meat', 'default.png	', NULL, 1, '2023-12-28 00:24:26', '2023-12-28 00:24:26'),
(14, 'Fruits & Vegetables', 'default.png	', NULL, 1, '2023-12-28 00:24:35', '2023-12-28 00:24:35'),
(15, 'Seeds', 'default.png	', NULL, 1, '2023-12-28 00:24:44', '2023-12-28 00:24:44'),
(17, 'Imported Food', 'default.png	', NULL, 1, '2023-12-28 00:25:21', '2023-12-28 00:25:21'),
(18, 'Spices & Herbs', 'default.png	', NULL, 1, '2023-12-28 00:25:32', '2023-12-28 00:25:32'),
(19, 'Agriculture', 'default.png	', NULL, 1, '2023-12-28 00:25:42', '2023-12-28 00:25:42'),
(20, 'Animal Feed', 'default.png	', NULL, 1, '2023-12-28 00:25:50', '2023-12-28 00:25:50'),
(21, 'Rice', 'default.png	', NULL, 1, '2023-12-28 00:25:57', '2023-12-28 00:25:57'),
(22, 'Corn', 'default.png	', NULL, 1, '2023-12-28 00:26:02', '2023-12-28 00:26:02'),
(23, 'FMCG(Packed Food)', 'default.png	', NULL, 1, '2023-12-28 00:26:18', '2023-12-28 00:26:18'),
(24, 'Flour', 'default.png	', NULL, 1, '2023-12-28 00:26:25', '2023-12-28 00:26:25'),
(25, 'Tea & Coffee', 'default.png	', NULL, 1, '2023-12-28 00:26:34', '2023-12-29 09:04:22'),
(26, 'Sugar', 'default.png	', NULL, 1, '2023-12-28 00:26:43', '2023-12-28 00:26:43'),
(27, 'Agri Machinery', 'default.png	', NULL, 1, '2023-12-28 00:26:59', '2023-12-28 00:26:59'),
(28, 'Grains', 'default.png	', NULL, 1, '2023-12-28 00:27:07', '2023-12-28 00:27:07'),
(29, 'Dry Fruits', 'default.png	', NULL, 1, '2023-12-28 00:27:14', '2024-01-01 03:19:21'),
(30, 'All Dry Fruits', '1703741282.jpg', 29, 1, '2023-12-28 00:28:02', '2024-01-01 03:19:21'),
(31, 'Pulses', '1703741370.jpg', 28, 1, '2023-12-28 00:29:30', '2023-12-28 00:29:30'),
(32, 'Beans', '1703741409.jfif', 28, 1, '2023-12-28 00:30:09', '2023-12-28 00:30:09'),
(33, 'Quinoa', '1703741472.jfif', 28, 1, '2023-12-28 00:31:12', '2023-12-28 00:31:12'),
(34, 'All Agri Machinery', '1703741505.jpg', 27, 1, '2023-12-28 00:31:45', '2023-12-28 00:31:45'),
(35, 'Jaggery', '1703741586.jfif', 26, 1, '2023-12-28 00:33:06', '2023-12-28 08:35:57'),
(36, 'Brown Sugar', '1703741599.jfif', 26, 1, '2023-12-28 00:33:19', '2023-12-28 00:33:19'),
(37, 'White Sugar', '1703741609.jfif', 26, 1, '2023-12-28 00:33:29', '2023-12-28 00:33:29'),
(38, 'Coffee Beans', '1703741721.jfif', 25, 1, '2023-12-28 00:35:21', '2023-12-29 09:04:22'),
(39, 'Ground Coffee', '1703741732.jfif', 25, 1, '2023-12-28 00:35:32', '2023-12-29 09:04:23'),
(40, 'Black Tea', '1703741743.jfif', 25, 1, '2023-12-28 00:35:43', '2023-12-29 09:04:23'),
(41, 'Green Tea', '1703741756.jfif', 25, 1, '2023-12-28 00:35:56', '2023-12-29 09:04:23'),
(42, 'Honey', '1703741798.jpg', 1, 1, '2023-12-28 00:36:38', '2023-12-28 00:36:38'),
(43, 'Soda Drinks', '1703741909.jfif', 10, 1, '2023-12-28 00:38:29', '2023-12-28 00:38:29'),
(44, 'Juices', '1703741918.jfif', 10, 1, '2023-12-28 00:38:38', '2023-12-28 00:38:38'),
(45, 'Water', '1703741926.jfif', 10, 1, '2023-12-28 00:38:46', '2023-12-28 00:38:46'),
(46, 'Farm Eggs', '1703741974.jfif', 11, 1, '2023-12-28 00:39:34', '2023-12-28 01:42:02'),
(48, 'Ghee', '1703751796.jfif', 12, 1, '2023-12-28 03:23:15', '2023-12-28 03:23:16'),
(49, 'Cooking Oil', '1703751810.jfif', 12, 1, '2023-12-28 03:23:29', '2023-12-28 03:23:30'),
(53, 'Desi Eggs', '1704187845.jfif', 11, 1, '2024-01-02 04:30:45', '2024-01-02 04:30:45');

-- --------------------------------------------------------

--
-- Table structure for table `chats`
--

CREATE TABLE `chats` (
  `id` bigint(20) UNSIGNED NOT NULL,
  `sender_id` bigint(20) UNSIGNED NOT NULL,
  `receiver_id` bigint(20) UNSIGNED NOT NULL,
  `created_at` timestamp NULL DEFAULT NULL,
  `updated_at` timestamp NULL DEFAULT NULL
) ENGINE=InnoDB DEFAULT CHARSET=utf8mb4 COLLATE=utf8mb4_unicode_ci;

--
-- Dumping data for table `chats`
--

INSERT INTO `chats` (`id`, `sender_id`, `receiver_id`, `created_at`, `updated_at`) VALUES
(1, 96, 92, '2024-01-03 04:43:19', '2024-01-03 04:43:19');

-- --------------------------------------------------------

--
-- Table structure for table `cities`
--

CREATE TABLE `cities` (
  `id` bigint(20) UNSIGNED NOT NULL,
  `city_name` varchar(255) NOT NULL,
  `created_at` timestamp NULL DEFAULT NULL,
  `updated_at` timestamp NULL DEFAULT NULL
) ENGINE=InnoDB DEFAULT CHARSET=utf8mb4 COLLATE=utf8mb4_unicode_ci;

--
-- Dumping data for table `cities`
--

INSERT INTO `cities` (`id`, `city_name`, `created_at`, `updated_at`) VALUES
(1, 'Abbottabad', '2023-12-28 07:27:04', '2023-12-28 07:27:04'),
(2, 'Abdul Hakeem', '2023-12-28 07:27:04', '2023-12-28 07:27:04'),
(3, 'Adda jahan khan', '2023-12-28 07:27:04', '2023-12-28 07:27:04'),
(4, 'Adda shaiwala', '2023-12-28 07:27:04', '2023-12-28 07:27:04'),
(5, 'Ahmed Pur East', '2023-12-28 07:27:04', '2023-12-28 07:27:04'),
(6, 'Ahmedpur Lamma', '2023-12-28 07:27:04', '2023-12-28 07:27:04'),
(7, 'Akora khattak', '2023-12-28 07:27:04', '2023-12-28 07:27:04'),
(8, 'Ali chak', '2023-12-28 07:27:04', '2023-12-28 07:27:04'),
(9, 'Alipur Chatta', '2023-12-28 07:27:04', '2023-12-28 07:27:04'),
(10, 'Allahabad', '2023-12-28 07:27:04', '2023-12-28 07:27:04'),
(11, 'Amangarh', '2023-12-28 07:27:04', '2023-12-28 07:27:04'),
(12, 'Arifwala', '2023-12-28 07:27:05', '2023-12-28 07:27:05'),
(13, 'Attock', '2023-12-28 07:27:05', '2023-12-28 07:27:05'),
(14, 'Babarloi', '2023-12-28 07:27:05', '2023-12-28 07:27:05'),
(15, 'Babri banda', '2023-12-28 07:27:05', '2023-12-28 07:27:05'),
(16, 'Badin', '2023-12-28 07:27:05', '2023-12-28 07:27:05'),
(17, 'Bahawalnagar', '2023-12-28 07:27:05', '2023-12-28 07:27:05'),
(18, 'Bahawalpur', '2023-12-28 07:27:05', '2023-12-28 07:27:05'),
(19, 'Balakot', '2023-12-28 07:27:05', '2023-12-28 07:27:05'),
(20, 'Bannu', '2023-12-28 07:27:05', '2023-12-28 07:27:05'),
(21, 'Baroute', '2023-12-28 07:27:05', '2023-12-28 07:27:05'),
(22, 'Basirpur', '2023-12-28 07:27:05', '2023-12-28 07:27:05'),
(23, 'Basti Shorekot', '2023-12-28 07:27:05', '2023-12-28 07:27:05'),
(24, 'Bat khela', '2023-12-28 07:27:05', '2023-12-28 07:27:05'),
(25, 'Batang', '2023-12-28 07:27:05', '2023-12-28 07:27:05'),
(26, 'Bhai pheru', '2023-12-28 07:27:05', '2023-12-28 07:27:05'),
(27, 'Bhakkar', '2023-12-28 07:27:05', '2023-12-28 07:27:05'),
(28, 'Bhalwal', '2023-12-28 07:27:05', '2023-12-28 07:27:05'),
(29, 'Bhan saeedabad', '2023-12-28 07:27:05', '2023-12-28 07:27:05'),
(30, 'Bhera', '2023-12-28 07:27:05', '2023-12-28 07:27:05'),
(31, 'Bhikky', '2023-12-28 07:27:06', '2023-12-28 07:27:06'),
(32, 'Bhimber∙', '2023-12-28 07:27:06', '2023-12-28 07:27:06'),
(33, 'Bhirya road', '2023-12-28 07:27:06', '2023-12-28 07:27:06'),
(34, 'Bhuawana', '2023-12-28 07:27:06', '2023-12-28 07:27:06'),
(35, 'Buchay key', '2023-12-28 07:27:06', '2023-12-28 07:27:06'),
(36, 'Buner', '2023-12-28 07:27:06', '2023-12-28 07:27:06'),
(37, 'Burewala', '2023-12-28 07:27:06', '2023-12-28 07:27:06'),
(38, 'Chaininda', '2023-12-28 07:27:06', '2023-12-28 07:27:06'),
(39, 'Chak 4 b c', '2023-12-28 07:27:06', '2023-12-28 07:27:06'),
(40, 'Chak 46', '2023-12-28 07:27:06', '2023-12-28 07:27:06'),
(41, 'Chak jamal', '2023-12-28 07:27:06', '2023-12-28 07:27:06'),
(42, 'Chak jhumra', '2023-12-28 07:27:06', '2023-12-28 07:27:06'),
(43, 'Chak Shahzad', '2023-12-28 07:27:06', '2023-12-28 07:27:06'),
(44, 'Chaklala', '2023-12-28 07:27:06', '2023-12-28 07:27:06'),
(45, 'Chaksawari', '2023-12-28 07:27:06', '2023-12-28 07:27:06'),
(46, 'Chakwal', '2023-12-28 07:27:07', '2023-12-28 07:27:07'),
(47, 'Charsadda', '2023-12-28 07:27:07', '2023-12-28 07:27:07'),
(48, 'Chashma', '2023-12-28 07:27:07', '2023-12-28 07:27:07'),
(49, 'Chawinda', '2023-12-28 07:27:07', '2023-12-28 07:27:07'),
(50, 'Chenab Nagar', '2023-12-28 07:27:07', '2023-12-28 07:27:07'),
(51, 'Chichawatni', '2023-12-28 07:27:07', '2023-12-28 07:27:07'),
(52, 'Chiniot', '2023-12-28 07:27:07', '2023-12-28 07:27:07'),
(53, 'Chishtian', '2023-12-28 07:27:07', '2023-12-28 07:27:07'),
(54, 'Chitral', '2023-12-28 07:27:07', '2023-12-28 07:27:07'),
(55, 'Chohar jamali', '2023-12-28 07:27:07', '2023-12-28 07:27:07'),
(56, 'Choppar hatta', '2023-12-28 07:27:07', '2023-12-28 07:27:07'),
(57, 'Chowha saidan shah', '2023-12-28 07:27:07', '2023-12-28 07:27:07'),
(58, 'Chowk azam', '2023-12-28 07:27:07', '2023-12-28 07:27:07'),
(59, 'Chowk mailta', '2023-12-28 07:27:07', '2023-12-28 07:27:07'),
(60, 'Chowk munda', '2023-12-28 07:27:07', '2023-12-28 07:27:07'),
(61, 'Chunian', '2023-12-28 07:27:07', '2023-12-28 07:27:07'),
(62, 'D.G.Khan', '2023-12-28 07:27:07', '2023-12-28 07:27:07'),
(63, 'Dadakhel', '2023-12-28 07:27:07', '2023-12-28 07:27:07'),
(64, 'Dadu', '2023-12-28 07:27:07', '2023-12-28 07:27:07'),
(65, 'Dadyal Ak', '2023-12-28 07:27:07', '2023-12-28 07:27:07'),
(66, 'Daharki', '2023-12-28 07:27:08', '2023-12-28 07:27:08'),
(67, 'Dandot', '2023-12-28 07:27:08', '2023-12-28 07:27:08'),
(68, 'Dargai', '2023-12-28 07:27:08', '2023-12-28 07:27:08'),
(69, 'Darya khan', '2023-12-28 07:27:08', '2023-12-28 07:27:08'),
(70, 'Daska', '2023-12-28 07:27:08', '2023-12-28 07:27:08'),
(71, 'Daud khel', '2023-12-28 07:27:08', '2023-12-28 07:27:08'),
(72, 'Daulatpur', '2023-12-28 07:27:08', '2023-12-28 07:27:08'),
(73, 'Deh pathan', '2023-12-28 07:27:08', '2023-12-28 07:27:08'),
(74, 'Depal pur', '2023-12-28 07:27:08', '2023-12-28 07:27:08'),
(75, 'Dera Allah Yar∙', '2023-12-28 07:27:08', '2023-12-28 07:27:08'),
(76, 'Dera ismail khan', '2023-12-28 07:27:08', '2023-12-28 07:27:08'),
(77, 'Dera murad jamali', '2023-12-28 07:27:08', '2023-12-28 07:27:08'),
(78, 'Dera nawab sahib', '2023-12-28 07:27:08', '2023-12-28 07:27:08'),
(79, 'Dhatmal', '2023-12-28 07:27:08', '2023-12-28 07:27:08'),
(80, 'Dhoun kal', '2023-12-28 07:27:08', '2023-12-28 07:27:08'),
(81, 'Digri', '2023-12-28 07:27:08', '2023-12-28 07:27:08'),
(82, 'Dijkot', '2023-12-28 07:27:08', '2023-12-28 07:27:08'),
(83, 'Dina', '2023-12-28 07:27:08', '2023-12-28 07:27:08'),
(84, 'Dinga', '2023-12-28 07:27:09', '2023-12-28 07:27:09'),
(85, 'Dir', '2023-12-28 07:27:09', '2023-12-28 07:27:09'),
(86, 'Doaba', '2023-12-28 07:27:09', '2023-12-28 07:27:09'),
(87, 'Doltala', '2023-12-28 07:27:09', '2023-12-28 07:27:09'),
(88, 'Domeli', '2023-12-28 07:27:09', '2023-12-28 07:27:09'),
(89, 'Donga Bonga', '2023-12-28 07:27:09', '2023-12-28 07:27:09'),
(90, 'Dudial', '2023-12-28 07:27:09', '2023-12-28 07:27:09'),
(91, 'Dunia Pur', '2023-12-28 07:27:09', '2023-12-28 07:27:09'),
(92, 'Eminabad', '2023-12-28 07:27:09', '2023-12-28 07:27:09'),
(93, 'Esa Khel', '2023-12-28 07:27:09', '2023-12-28 07:27:09'),
(94, 'Faisalabad', '2023-12-28 07:27:09', '2023-12-28 07:27:09'),
(95, 'Faqirwali', '2023-12-28 07:27:09', '2023-12-28 07:27:09'),
(96, 'Farooqabad', '2023-12-28 07:27:09', '2023-12-28 07:27:09'),
(97, 'Fateh Jang', '2023-12-28 07:27:09', '2023-12-28 07:27:09'),
(98, 'Fateh pur', '2023-12-28 07:27:09', '2023-12-28 07:27:09'),
(99, 'Feroz walla', '2023-12-28 07:27:09', '2023-12-28 07:27:09'),
(100, 'Feroz watan', '2023-12-28 07:27:09', '2023-12-28 07:27:09'),
(101, 'Feroz Watwan', '2023-12-28 07:27:09', '2023-12-28 07:27:09'),
(102, 'Fiza got', '2023-12-28 07:27:09', '2023-12-28 07:27:09'),
(103, 'Fort Abbass', '2023-12-28 07:27:09', '2023-12-28 07:27:09'),
(104, 'Gadoon amazai', '2023-12-28 07:27:09', '2023-12-28 07:27:09'),
(105, 'Gaggo mandi', '2023-12-28 07:27:09', '2023-12-28 07:27:09'),
(106, 'Gakhar mandi', '2023-12-28 07:27:09', '2023-12-28 07:27:09'),
(107, 'Gambat', '2023-12-28 07:27:09', '2023-12-28 07:27:09'),
(108, 'Gambet', '2023-12-28 07:27:09', '2023-12-28 07:27:09'),
(109, 'Garh maharaja', '2023-12-28 07:27:10', '2023-12-28 07:27:10'),
(110, 'Garh more', '2023-12-28 07:27:10', '2023-12-28 07:27:10'),
(111, 'Garhi yaseen', '2023-12-28 07:27:10', '2023-12-28 07:27:10'),
(112, 'Gari habibullah', '2023-12-28 07:27:10', '2023-12-28 07:27:10'),
(113, 'Gari mori', '2023-12-28 07:27:10', '2023-12-28 07:27:10'),
(114, 'Gharo', '2023-12-28 07:27:10', '2023-12-28 07:27:10'),
(115, 'Ghazi', '2023-12-28 07:27:10', '2023-12-28 07:27:10'),
(116, 'Ghotki', '2023-12-28 07:27:10', '2023-12-28 07:27:10'),
(117, 'Gilgit', '2023-12-28 07:27:10', '2023-12-28 07:27:10'),
(118, 'Gohar ghoushti∙', '2023-12-28 07:27:10', '2023-12-28 07:27:10'),
(119, 'Gojra', '2023-12-28 07:27:10', '2023-12-28 07:27:10'),
(120, 'Goth Machi', '2023-12-28 07:27:10', '2023-12-28 07:27:10'),
(121, 'Goular khel', '2023-12-28 07:27:10', '2023-12-28 07:27:10'),
(122, 'Guddu', '2023-12-28 07:27:10', '2023-12-28 07:27:10'),
(123, 'Gujar Khan', '2023-12-28 07:27:11', '2023-12-28 07:27:11'),
(124, 'Gujranwala', '2023-12-28 07:27:11', '2023-12-28 07:27:11'),
(125, 'Gujrat', '2023-12-28 07:27:11', '2023-12-28 07:27:11'),
(126, 'Gwadar', '2023-12-28 07:27:11', '2023-12-28 07:27:11'),
(127, 'Hafizabad', '2023-12-28 07:27:11', '2023-12-28 07:27:11'),
(128, 'Hala', '2023-12-28 07:27:11', '2023-12-28 07:27:11'),
(129, 'Hangu', '2023-12-28 07:27:11', '2023-12-28 07:27:11'),
(130, 'Harappa', '2023-12-28 07:27:11', '2023-12-28 07:27:11'),
(131, 'Haripur', '2023-12-28 07:27:11', '2023-12-28 07:27:11'),
(132, 'Hariwala', '2023-12-28 07:27:11', '2023-12-28 07:27:11'),
(133, 'Haroonabad', '2023-12-28 07:27:11', '2023-12-28 07:27:11'),
(134, 'Hasilpur', '2023-12-28 07:27:11', '2023-12-28 07:27:11'),
(135, 'Hassan abdal', '2023-12-28 07:27:11', '2023-12-28 07:27:11'),
(136, 'Hattar', '2023-12-28 07:27:11', '2023-12-28 07:27:11'),
(137, 'Hattian', '2023-12-28 07:27:11', '2023-12-28 07:27:11'),
(138, 'Hattian lawrencepur', '2023-12-28 07:27:11', '2023-12-28 07:27:11'),
(139, 'Havali Lakhan', '2023-12-28 07:27:11', '2023-12-28 07:27:11'),
(140, 'Hawilian', '2023-12-28 07:27:12', '2023-12-28 07:27:12'),
(141, 'Hayatabad', '2023-12-28 07:27:12', '2023-12-28 07:27:12'),
(142, 'Hazro', '2023-12-28 07:27:12', '2023-12-28 07:27:12'),
(143, 'Head marala', '2023-12-28 07:27:12', '2023-12-28 07:27:12'),
(144, 'Hub', '2023-12-28 07:27:12', '2023-12-28 07:27:12'),
(145, 'Hub-Balochistan', '2023-12-28 07:27:12', '2023-12-28 07:27:12'),
(146, 'Hujra Shah Mukeem', '2023-12-28 07:27:12', '2023-12-28 07:27:12'),
(147, 'Hunza', '2023-12-28 07:27:12', '2023-12-28 07:27:12'),
(148, 'Hyderabad', '2023-12-28 07:27:12', '2023-12-28 07:27:12'),
(149, 'Iskandarabad', '2023-12-28 07:27:12', '2023-12-28 07:27:12'),
(150, 'Islamabad', '2023-12-28 07:27:13', '2023-12-28 07:27:13'),
(151, 'Jacobabad', '2023-12-28 07:27:13', '2023-12-28 07:27:13'),
(152, 'Jahaniya', '2023-12-28 07:27:13', '2023-12-28 07:27:13'),
(153, 'Jaja abasian', '2023-12-28 07:27:13', '2023-12-28 07:27:13'),
(154, 'Jalalpur Jattan', '2023-12-28 07:27:13', '2023-12-28 07:27:13'),
(155, 'Jalalpur Pirwala', '2023-12-28 07:27:13', '2023-12-28 07:27:13'),
(156, 'Jampur', '2023-12-28 07:27:13', '2023-12-28 07:27:13'),
(157, 'Jamrud road', '2023-12-28 07:27:13', '2023-12-28 07:27:13'),
(158, 'Jamshoro', '2023-12-28 07:27:13', '2023-12-28 07:27:13'),
(159, 'Jan pur', '2023-12-28 07:27:13', '2023-12-28 07:27:13'),
(160, 'Jand', '2023-12-28 07:27:13', '2023-12-28 07:27:13'),
(161, 'Jandanwala∙', '2023-12-28 07:27:13', '2023-12-28 07:27:13'),
(162, 'Jaranwala', '2023-12-28 07:27:13', '2023-12-28 07:27:13'),
(163, 'Jatlaan', '2023-12-28 07:27:13', '2023-12-28 07:27:13'),
(164, 'Jatoi', '2023-12-28 07:27:13', '2023-12-28 07:27:13'),
(165, 'Jauharabad', '2023-12-28 07:27:13', '2023-12-28 07:27:13'),
(166, 'Jehangira', '2023-12-28 07:27:14', '2023-12-28 07:27:14'),
(167, 'Jhal Magsi', '2023-12-28 07:27:14', '2023-12-28 07:27:14'),
(168, 'Jhand', '2023-12-28 07:27:14', '2023-12-28 07:27:14'),
(169, 'Jhang', '2023-12-28 07:27:14', '2023-12-28 07:27:14'),
(170, 'Jhatta bhutta', '2023-12-28 07:27:14', '2023-12-28 07:27:14'),
(171, 'Jhelum', '2023-12-28 07:27:14', '2023-12-28 07:27:14'),
(172, 'Jhudo', '2023-12-28 07:27:14', '2023-12-28 07:27:14'),
(173, 'Jin Pur', '2023-12-28 07:27:14', '2023-12-28 07:27:14'),
(174, 'K.N. Shah', '2023-12-28 07:27:14', '2023-12-28 07:27:14'),
(175, 'Kabirwala', '2023-12-28 07:27:14', '2023-12-28 07:27:14'),
(176, 'Kacha khooh', '2023-12-28 07:27:14', '2023-12-28 07:27:14'),
(177, 'Kahuta', '2023-12-28 07:27:14', '2023-12-28 07:27:14'),
(178, 'Kakul', '2023-12-28 07:27:15', '2023-12-28 07:27:15'),
(179, 'Kakur town', '2023-12-28 07:27:15', '2023-12-28 07:27:15'),
(180, 'Kala bagh', '2023-12-28 07:27:15', '2023-12-28 07:27:15'),
(181, 'Kala shah kaku', '2023-12-28 07:27:15', '2023-12-28 07:27:15'),
(182, 'Kalaswala', '2023-12-28 07:27:15', '2023-12-28 07:27:15'),
(183, 'Kallar Kahar', '2023-12-28 07:27:15', '2023-12-28 07:27:15'),
(184, 'Kallar Saddiyian', '2023-12-28 07:27:15', '2023-12-28 07:27:15'),
(185, 'Kallur kot', '2023-12-28 07:27:15', '2023-12-28 07:27:15'),
(186, 'Kamalia', '2023-12-28 07:27:15', '2023-12-28 07:27:15'),
(187, 'Kamalia musa', '2023-12-28 07:27:15', '2023-12-28 07:27:15'),
(188, 'Kamber ali khan', '2023-12-28 07:27:15', '2023-12-28 07:27:15'),
(189, 'Kameer', '2023-12-28 07:27:15', '2023-12-28 07:27:15'),
(190, 'Kamoke', '2023-12-28 07:27:15', '2023-12-28 07:27:15'),
(191, 'Kamra', '2023-12-28 07:27:15', '2023-12-28 07:27:15'),
(192, 'Kandh kot', '2023-12-28 07:27:15', '2023-12-28 07:27:15'),
(193, 'Kandiaro', '2023-12-28 07:27:15', '2023-12-28 07:27:15'),
(194, 'Karachi', '2023-12-28 07:27:15', '2023-12-28 07:27:15'),
(195, 'Karak', '2023-12-28 07:27:16', '2023-12-28 07:27:16'),
(196, 'Karoor pacca', '2023-12-28 07:27:16', '2023-12-28 07:27:16'),
(197, 'Karore lalisan', '2023-12-28 07:27:16', '2023-12-28 07:27:16'),
(198, 'Kashmir', '2023-12-28 07:27:16', '2023-12-28 07:27:16'),
(199, 'Kashmore', '2023-12-28 07:27:16', '2023-12-28 07:27:16'),
(200, 'Kasur', '2023-12-28 07:27:16', '2023-12-28 07:27:16'),
(201, 'Kazi ahmed', '2023-12-28 07:27:16', '2023-12-28 07:27:16'),
(202, 'Khairpur', '2023-12-28 07:27:16', '2023-12-28 07:27:16'),
(203, 'Khairpur Mir', '2023-12-28 07:27:16', '2023-12-28 07:27:16'),
(204, 'Khan Bela', '2023-12-28 07:27:16', '2023-12-28 07:27:16'),
(205, 'Khan qah sharif∙', '2023-12-28 07:27:16', '2023-12-28 07:27:16'),
(206, 'Khandabad', '2023-12-28 07:27:16', '2023-12-28 07:27:16'),
(207, 'Khanewal', '2023-12-28 07:27:16', '2023-12-28 07:27:16'),
(208, 'Khangarh', '2023-12-28 07:27:16', '2023-12-28 07:27:16'),
(209, 'Khanpur', '2023-12-28 07:27:16', '2023-12-28 07:27:16'),
(210, 'Khanqah dogran', '2023-12-28 07:27:16', '2023-12-28 07:27:16'),
(211, 'Khanqah sharif', '2023-12-28 07:27:16', '2023-12-28 07:27:16'),
(212, 'Kharian', '2023-12-28 07:27:16', '2023-12-28 07:27:16'),
(213, 'Khewra', '2023-12-28 07:27:16', '2023-12-28 07:27:16'),
(214, 'Khoski', '2023-12-28 07:27:16', '2023-12-28 07:27:16'),
(215, 'Khudian Khas', '2023-12-28 07:27:16', '2023-12-28 07:27:16'),
(216, 'Khurian wala', '2023-12-28 07:27:17', '2023-12-28 07:27:17'),
(217, 'Khurrianwala', '2023-12-28 07:27:17', '2023-12-28 07:27:17'),
(218, 'Khushab', '2023-12-28 07:27:17', '2023-12-28 07:27:17'),
(219, 'Khushal kot', '2023-12-28 07:27:17', '2023-12-28 07:27:17'),
(220, 'Khuzdar', '2023-12-28 07:27:17', '2023-12-28 07:27:17'),
(221, 'Khyber', '2023-12-28 07:27:17', '2023-12-28 07:27:17'),
(222, 'Klaske', '2023-12-28 07:27:17', '2023-12-28 07:27:17'),
(223, 'Kohat', '2023-12-28 07:27:17', '2023-12-28 07:27:17'),
(224, 'Kot addu', '2023-12-28 07:27:17', '2023-12-28 07:27:17'),
(225, 'Kot bunglow', '2023-12-28 07:27:17', '2023-12-28 07:27:17'),
(226, 'Kot ghulam mohd', '2023-12-28 07:27:17', '2023-12-28 07:27:17'),
(227, 'Kot mithan', '2023-12-28 07:27:17', '2023-12-28 07:27:17'),
(228, 'Kot Momin', '2023-12-28 07:27:17', '2023-12-28 07:27:17'),
(229, 'Kot radha kishan', '2023-12-28 07:27:17', '2023-12-28 07:27:17'),
(230, 'Kotla', '2023-12-28 07:27:17', '2023-12-28 07:27:17'),
(231, 'Kotla arab ali khan', '2023-12-28 07:27:17', '2023-12-28 07:27:17'),
(232, 'Kotla jam', '2023-12-28 07:27:17', '2023-12-28 07:27:17'),
(233, 'Kotla Pathan', '2023-12-28 07:27:17', '2023-12-28 07:27:17'),
(234, 'Kotli Ak', '2023-12-28 07:27:17', '2023-12-28 07:27:17'),
(235, 'Kotli Loharan', '2023-12-28 07:27:18', '2023-12-28 07:27:18'),
(236, 'Kotri', '2023-12-28 07:27:18', '2023-12-28 07:27:18'),
(237, 'Kumbh', '2023-12-28 07:27:18', '2023-12-28 07:27:18'),
(238, 'Kundina', '2023-12-28 07:27:18', '2023-12-28 07:27:18'),
(239, 'Kunjah', '2023-12-28 07:27:18', '2023-12-28 07:27:18'),
(240, 'Kunri', '2023-12-28 07:27:18', '2023-12-28 07:27:18'),
(241, 'Lahore', '2023-12-28 07:27:18', '2023-12-28 07:27:18'),
(242, 'Lakki marwat', '2023-12-28 07:27:18', '2023-12-28 07:27:18'),
(243, 'Lala musa', '2023-12-28 07:27:18', '2023-12-28 07:27:18'),
(244, 'Lala rukh', '2023-12-28 07:27:18', '2023-12-28 07:27:18'),
(245, 'Laliah', '2023-12-28 07:27:18', '2023-12-28 07:27:18'),
(246, 'Lalshanra', '2023-12-28 07:27:18', '2023-12-28 07:27:18'),
(247, 'Larkana', '2023-12-28 07:27:18', '2023-12-28 07:27:18'),
(248, 'Lasbela', '2023-12-28 07:27:18', '2023-12-28 07:27:18'),
(249, 'Lawrence pur∙', '2023-12-28 07:27:18', '2023-12-28 07:27:18'),
(250, 'Layyah', '2023-12-28 07:27:18', '2023-12-28 07:27:18'),
(251, 'Liaqat Pur', '2023-12-28 07:27:18', '2023-12-28 07:27:18'),
(252, 'Lodhran', '2023-12-28 07:27:18', '2023-12-28 07:27:18'),
(253, 'Lower Dir', '2023-12-28 07:27:18', '2023-12-28 07:27:18'),
(254, 'Ludhan', '2023-12-28 07:27:18', '2023-12-28 07:27:18'),
(255, 'Madina', '2023-12-28 07:27:18', '2023-12-28 07:27:18'),
(256, 'Makli', '2023-12-28 07:27:18', '2023-12-28 07:27:18'),
(257, 'Malakand Agency', '2023-12-28 07:27:18', '2023-12-28 07:27:18'),
(258, 'Malakwal', '2023-12-28 07:27:19', '2023-12-28 07:27:19'),
(259, 'Mamu kunjan', '2023-12-28 07:27:19', '2023-12-28 07:27:19'),
(260, 'Mandi bahauddin', '2023-12-28 07:27:19', '2023-12-28 07:27:19'),
(261, 'Mandra', '2023-12-28 07:27:19', '2023-12-28 07:27:19'),
(262, 'Manga mandi', '2023-12-28 07:27:19', '2023-12-28 07:27:19'),
(263, 'Mangal sada', '2023-12-28 07:27:19', '2023-12-28 07:27:19'),
(264, 'Mangi', '2023-12-28 07:27:19', '2023-12-28 07:27:19'),
(265, 'Mangla', '2023-12-28 07:27:19', '2023-12-28 07:27:19'),
(266, 'Mangowal', '2023-12-28 07:27:19', '2023-12-28 07:27:19'),
(267, 'Manoabad', '2023-12-28 07:27:19', '2023-12-28 07:27:19'),
(268, 'Mansehra', '2023-12-28 07:27:19', '2023-12-28 07:27:19'),
(269, 'Mardan', '2023-12-28 07:27:19', '2023-12-28 07:27:19'),
(270, 'Mari indus', '2023-12-28 07:27:19', '2023-12-28 07:27:19'),
(271, 'Mastoi', '2023-12-28 07:27:19', '2023-12-28 07:27:19'),
(272, 'Matli', '2023-12-28 07:27:19', '2023-12-28 07:27:19'),
(273, 'Mehar', '2023-12-28 07:27:19', '2023-12-28 07:27:19'),
(274, 'Mehmood kot', '2023-12-28 07:27:19', '2023-12-28 07:27:19'),
(275, 'Mehrabpur', '2023-12-28 07:27:19', '2023-12-28 07:27:19'),
(276, 'Melsi', '2023-12-28 07:27:19', '2023-12-28 07:27:19'),
(277, 'Mian Channu', '2023-12-28 07:27:19', '2023-12-28 07:27:19'),
(278, 'Mian Wali', '2023-12-28 07:27:20', '2023-12-28 07:27:20'),
(279, 'Minchanabad', '2023-12-28 07:27:20', '2023-12-28 07:27:20'),
(280, 'Mingora', '2023-12-28 07:27:20', '2023-12-28 07:27:20'),
(281, 'Mir ali', '2023-12-28 07:27:20', '2023-12-28 07:27:20'),
(282, 'Miran shah', '2023-12-28 07:27:20', '2023-12-28 07:27:20'),
(283, 'Mirpur A.K.', '2023-12-28 07:27:20', '2023-12-28 07:27:20'),
(284, 'Mirpur khas', '2023-12-28 07:27:20', '2023-12-28 07:27:20'),
(285, 'Mirpur mathelo', '2023-12-28 07:27:20', '2023-12-28 07:27:20'),
(286, 'Mithi', '2023-12-28 07:27:20', '2023-12-28 07:27:20'),
(287, 'Mitiari', '2023-12-28 07:27:20', '2023-12-28 07:27:20'),
(288, 'Mohen jo daro', '2023-12-28 07:27:20', '2023-12-28 07:27:20'),
(289, 'More kunda', '2023-12-28 07:27:20', '2023-12-28 07:27:20'),
(290, 'Morgah', '2023-12-28 07:27:20', '2023-12-28 07:27:20'),
(291, 'Moro', '2023-12-28 07:27:20', '2023-12-28 07:27:20'),
(292, 'Mubarik pur∙', '2023-12-28 07:27:20', '2023-12-28 07:27:20'),
(293, 'Multan', '2023-12-28 07:27:20', '2023-12-28 07:27:20'),
(294, 'Muridke', '2023-12-28 07:27:20', '2023-12-28 07:27:20'),
(295, 'Murree', '2023-12-28 07:27:20', '2023-12-28 07:27:20'),
(296, 'Musafir khana', '2023-12-28 07:27:20', '2023-12-28 07:27:20'),
(297, 'Mustung', '2023-12-28 07:27:20', '2023-12-28 07:27:20'),
(298, 'Muzaffar Gargh', '2023-12-28 07:27:20', '2023-12-28 07:27:20'),
(299, 'Muzaffarabad', '2023-12-28 07:27:20', '2023-12-28 07:27:20'),
(300, 'Nankana sahib', '2023-12-28 07:27:21', '2023-12-28 07:27:21'),
(301, 'Narang mandi', '2023-12-28 07:27:21', '2023-12-28 07:27:21'),
(302, 'Narowal', '2023-12-28 07:27:21', '2023-12-28 07:27:21'),
(303, 'Naseerabad', '2023-12-28 07:27:21', '2023-12-28 07:27:21'),
(304, 'Naukot', '2023-12-28 07:27:21', '2023-12-28 07:27:21'),
(305, 'Naukundi', '2023-12-28 07:27:21', '2023-12-28 07:27:21'),
(306, 'Nawabshah', '2023-12-28 07:27:21', '2023-12-28 07:27:21'),
(307, 'New saeedabad', '2023-12-28 07:27:21', '2023-12-28 07:27:21'),
(308, 'Nilore', '2023-12-28 07:27:21', '2023-12-28 07:27:21'),
(309, 'Noor kot', '2023-12-28 07:27:21', '2023-12-28 07:27:21'),
(310, 'Nooriabad', '2023-12-28 07:27:21', '2023-12-28 07:27:21'),
(311, 'Noorpur nooranga', '2023-12-28 07:27:21', '2023-12-28 07:27:21'),
(312, 'Noshero Feroze', '2023-12-28 07:27:22', '2023-12-28 07:27:22'),
(313, 'Noudero', '2023-12-28 07:27:22', '2023-12-28 07:27:22'),
(314, 'Nowshera', '2023-12-28 07:27:22', '2023-12-28 07:27:22'),
(315, 'Nowshera cantt', '2023-12-28 07:27:22', '2023-12-28 07:27:22'),
(316, 'Nowshera Virka', '2023-12-28 07:27:22', '2023-12-28 07:27:22'),
(317, 'Okara', '2023-12-28 07:27:22', '2023-12-28 07:27:22'),
(318, 'Other', '2023-12-28 07:27:22', '2023-12-28 07:27:22'),
(319, 'Other Cities', '2023-12-28 07:27:22', '2023-12-28 07:27:22'),
(320, 'Padidan', '2023-12-28 07:27:22', '2023-12-28 07:27:22'),
(321, 'Pak china fertilizer', '2023-12-28 07:27:22', '2023-12-28 07:27:22'),
(322, 'Pak pattan sharif', '2023-12-28 07:27:22', '2023-12-28 07:27:22'),
(323, 'Panjan kisan', '2023-12-28 07:27:22', '2023-12-28 07:27:22'),
(324, 'Panjgoor', '2023-12-28 07:27:22', '2023-12-28 07:27:22'),
(325, 'Pano Aqil', '2023-12-28 07:27:22', '2023-12-28 07:27:22'),
(327, 'Pasni', '2023-12-28 07:27:23', '2023-12-28 07:27:23'),
(328, 'Pasrur', '2023-12-28 07:27:23', '2023-12-28 07:27:23'),
(329, 'Pattoki', '2023-12-28 07:27:23', '2023-12-28 07:27:23'),
(330, 'Peshawar', '2023-12-28 07:27:23', '2023-12-28 07:27:23'),
(331, 'Phagwar', '2023-12-28 07:27:23', '2023-12-28 07:27:23'),
(332, 'Phalia', '2023-12-28 07:27:23', '2023-12-28 07:27:23'),
(333, 'Phool nagar', '2023-12-28 07:27:23', '2023-12-28 07:27:23'),
(334, 'Piaro goth', '2023-12-28 07:27:23', '2023-12-28 07:27:23'),
(335, 'Pind Dadan Khan', '2023-12-28 07:27:23', '2023-12-28 07:27:23'),
(336, 'Pindi Bhattian', '2023-12-28 07:27:23', '2023-12-28 07:27:23'),
(337, 'Pindi bohri∙', '2023-12-28 07:27:23', '2023-12-28 07:27:23'),
(338, 'Pindi gheb', '2023-12-28 07:27:23', '2023-12-28 07:27:23'),
(339, 'Piplan', '2023-12-28 07:27:23', '2023-12-28 07:27:23'),
(340, 'Pir mahal', '2023-12-28 07:27:23', '2023-12-28 07:27:23'),
(341, 'Pishin', '2023-12-28 07:27:23', '2023-12-28 07:27:23'),
(342, 'Popular Cities', '2023-12-28 07:27:23', '2023-12-28 07:27:23'),
(343, 'Qalandarabad', '2023-12-28 07:27:23', '2023-12-28 07:27:23'),
(344, 'Qamber Ali Khan', '2023-12-28 07:27:23', '2023-12-28 07:27:23'),
(345, 'Qasba gujrat', '2023-12-28 07:27:24', '2023-12-28 07:27:24'),
(346, 'Qazi ahmed', '2023-12-28 07:27:24', '2023-12-28 07:27:24'),
(347, 'Qila Deedar Singh', '2023-12-28 07:27:24', '2023-12-28 07:27:24'),
(348, 'Quaid Abad', '2023-12-28 07:27:24', '2023-12-28 07:27:24'),
(349, 'Quetta', '2023-12-28 07:27:24', '2023-12-28 07:27:24'),
(351, 'Rahim Yar Khan', '2023-12-28 07:27:24', '2023-12-28 07:27:24'),
(352, 'Rahwali', '2023-12-28 07:27:24', '2023-12-28 07:27:24'),
(353, 'Raiwind', '2023-12-28 07:27:24', '2023-12-28 07:27:24'),
(354, 'Rajana', '2023-12-28 07:27:24', '2023-12-28 07:27:24'),
(355, 'Rajanpur', '2023-12-28 07:27:24', '2023-12-28 07:27:24'),
(356, 'Rangoo', '2023-12-28 07:27:24', '2023-12-28 07:27:24'),
(357, 'Ranipur', '2023-12-28 07:27:24', '2023-12-28 07:27:24'),
(358, 'Rato Dero', '2023-12-28 07:27:24', '2023-12-28 07:27:24'),
(359, 'Rawalakot', '2023-12-28 07:27:24', '2023-12-28 07:27:24'),
(360, 'Rawalpindi', '2023-12-28 07:27:25', '2023-12-28 07:27:25'),
(361, 'Rawat', '2023-12-28 07:27:25', '2023-12-28 07:27:25'),
(362, 'Renala khurd', '2023-12-28 07:27:25', '2023-12-28 07:27:25'),
(363, 'Risalpur', '2023-12-28 07:27:25', '2023-12-28 07:27:25'),
(364, 'Rohri', '2023-12-28 07:27:25', '2023-12-28 07:27:25'),
(365, 'Sadiqabad', '2023-12-28 07:27:25', '2023-12-28 07:27:25'),
(366, 'Sagri', '2023-12-28 07:27:25', '2023-12-28 07:27:25'),
(367, 'Sahiwal', '2023-12-28 07:27:25', '2023-12-28 07:27:25'),
(368, 'Saidu sharif', '2023-12-28 07:27:25', '2023-12-28 07:27:25'),
(369, 'Sajawal', '2023-12-28 07:27:25', '2023-12-28 07:27:25'),
(370, 'Sakhi Sarwar', '2023-12-28 07:27:25', '2023-12-28 07:27:25'),
(371, 'Samanabad', '2023-12-28 07:27:25', '2023-12-28 07:27:25'),
(372, 'Sambrial', '2023-12-28 07:27:25', '2023-12-28 07:27:25'),
(373, 'Samma satta', '2023-12-28 07:27:25', '2023-12-28 07:27:25'),
(374, 'Sanghar', '2023-12-28 07:27:25', '2023-12-28 07:27:25'),
(375, 'Sanghi', '2023-12-28 07:27:26', '2023-12-28 07:27:26'),
(376, 'Sangla Hills', '2023-12-28 07:27:26', '2023-12-28 07:27:26'),
(377, 'Sangote', '2023-12-28 07:27:26', '2023-12-28 07:27:26'),
(378, 'Sanjarpur', '2023-12-28 07:27:26', '2023-12-28 07:27:26'),
(379, 'Sanjwal', '2023-12-28 07:27:26', '2023-12-28 07:27:26'),
(380, 'Sara e naurang', '2023-12-28 07:27:26', '2023-12-28 07:27:26'),
(381, 'Sara-E-Alamgir', '2023-12-28 07:27:26', '2023-12-28 07:27:26'),
(382, 'Sarai alamgir', '2023-12-28 07:27:26', '2023-12-28 07:27:26'),
(383, 'Sargodha∙', '2023-12-28 07:27:26', '2023-12-28 07:27:26'),
(384, 'Satiana', '2023-12-28 07:27:26', '2023-12-28 07:27:26'),
(385, 'Sehar baqlas', '2023-12-28 07:27:27', '2023-12-28 07:27:27'),
(386, 'Sehwan Sharif', '2023-12-28 07:27:27', '2023-12-28 07:27:27'),
(387, 'Sekhat', '2023-12-28 07:27:27', '2023-12-28 07:27:27'),
(388, 'Shadiwal', '2023-12-28 07:27:27', '2023-12-28 07:27:27'),
(389, 'Shah kot', '2023-12-28 07:27:27', '2023-12-28 07:27:27'),
(390, 'Shahdad kot', '2023-12-28 07:27:27', '2023-12-28 07:27:27'),
(391, 'Shahdadpur', '2023-12-28 07:27:27', '2023-12-28 07:27:27'),
(392, 'Shahdara', '2023-12-28 07:27:27', '2023-12-28 07:27:27'),
(393, 'Shahpur chakar', '2023-12-28 07:27:27', '2023-12-28 07:27:27'),
(394, 'Shahpur Saddar', '2023-12-28 07:27:27', '2023-12-28 07:27:27'),
(395, 'Shakargarh', '2023-12-28 07:27:27', '2023-12-28 07:27:27'),
(396, 'Shamsabad', '2023-12-28 07:27:27', '2023-12-28 07:27:27'),
(397, 'Shankiari', '2023-12-28 07:27:27', '2023-12-28 07:27:27'),
(398, 'Shedani sharif', '2023-12-28 07:27:27', '2023-12-28 07:27:27'),
(399, 'Sheikhupura', '2023-12-28 07:27:27', '2023-12-28 07:27:27'),
(401, 'Shemier', '2023-12-28 07:27:28', '2023-12-28 07:27:28'),
(402, 'Shikar pur', '2023-12-28 07:27:28', '2023-12-28 07:27:28'),
(403, 'Shorkot', '2023-12-28 07:27:28', '2023-12-28 07:27:28'),
(404, 'Shorkot Cantt', '2023-12-28 07:27:28', '2023-12-28 07:27:28'),
(405, 'Shuja Abad', '2023-12-28 07:27:28', '2023-12-28 07:27:28'),
(406, 'Sialkot', '2023-12-28 07:27:28', '2023-12-28 07:27:28'),
(407, 'Sibi', '2023-12-28 07:27:28', '2023-12-28 07:27:28'),
(408, 'Sihala', '2023-12-28 07:27:28', '2023-12-28 07:27:28'),
(409, 'Sikandarabad', '2023-12-28 07:27:28', '2023-12-28 07:27:28'),
(410, 'Sillanwali', '2023-12-28 07:27:28', '2023-12-28 07:27:28'),
(411, 'Sita road', '2023-12-28 07:27:28', '2023-12-28 07:27:28'),
(412, 'Skardu', '2023-12-28 07:27:28', '2023-12-28 07:27:28'),
(413, 'Skrand', '2023-12-28 07:27:28', '2023-12-28 07:27:28'),
(414, 'Sohawa', '2023-12-28 07:27:28', '2023-12-28 07:27:28'),
(415, 'Sohawa district daska', '2023-12-28 07:27:28', '2023-12-28 07:27:28'),
(416, 'Sukkur', '2023-12-28 07:27:28', '2023-12-28 07:27:28'),
(417, 'Sumandari', '2023-12-28 07:27:28', '2023-12-28 07:27:28'),
(418, 'Swabi', '2023-12-28 07:27:28', '2023-12-28 07:27:28'),
(419, 'Swat', '2023-12-28 07:27:28', '2023-12-28 07:27:28'),
(420, 'Swatmingora', '2023-12-28 07:27:29', '2023-12-28 07:27:29'),
(421, 'Takhtbai', '2023-12-28 07:27:29', '2023-12-28 07:27:29'),
(422, 'Talagang', '2023-12-28 07:27:29', '2023-12-28 07:27:29'),
(423, 'Talamba', '2023-12-28 07:27:29', '2023-12-28 07:27:29'),
(424, 'Talhur', '2023-12-28 07:27:29', '2023-12-28 07:27:29'),
(425, 'Tandiliyawala', '2023-12-28 07:27:29', '2023-12-28 07:27:29'),
(426, 'Tando adam∙', '2023-12-28 07:27:29', '2023-12-28 07:27:29'),
(427, 'Tando Allah Yar', '2023-12-28 07:27:29', '2023-12-28 07:27:29'),
(428, 'Tando jam', '2023-12-28 07:27:29', '2023-12-28 07:27:29'),
(429, 'Tando Muhammad Khan', '2023-12-28 07:27:29', '2023-12-28 07:27:29'),
(430, 'Tank', '2023-12-28 07:27:29', '2023-12-28 07:27:29'),
(431, 'Tarbela', '2023-12-28 07:27:29', '2023-12-28 07:27:29'),
(432, 'Tarmatan', '2023-12-28 07:27:29', '2023-12-28 07:27:29'),
(433, 'Tatlay Wali', '2023-12-28 07:27:29', '2023-12-28 07:27:29'),
(434, 'Taunsa sharif', '2023-12-28 07:27:30', '2023-12-28 07:27:30'),
(435, 'Taxila', '2023-12-28 07:27:30', '2023-12-28 07:27:30'),
(436, 'Tharo shah', '2023-12-28 07:27:30', '2023-12-28 07:27:30'),
(437, 'Thatta', '2023-12-28 07:27:30', '2023-12-28 07:27:30'),
(438, 'Theing jattan more', '2023-12-28 07:27:30', '2023-12-28 07:27:30'),
(439, 'Thull', '2023-12-28 07:27:30', '2023-12-28 07:27:30'),
(440, 'Tibba sultanpur', '2023-12-28 07:27:30', '2023-12-28 07:27:30'),
(441, 'Toba Tek Singh', '2023-12-28 07:27:30', '2023-12-28 07:27:30'),
(442, 'Topi', '2023-12-28 07:27:30', '2023-12-28 07:27:30'),
(443, 'Toru', '2023-12-28 07:27:30', '2023-12-28 07:27:30'),
(444, 'Tranda Muhammad Pannah', '2023-12-28 07:27:30', '2023-12-28 07:27:30'),
(445, 'Turbat', '2023-12-28 07:27:30', '2023-12-28 07:27:30'),
(446, 'Ubaro', '2023-12-28 07:27:30', '2023-12-28 07:27:30'),
(447, 'Ubauro', '2023-12-28 07:27:30', '2023-12-28 07:27:30'),
(448, 'Ugoke', '2023-12-28 07:27:30', '2023-12-28 07:27:30'),
(449, 'Ukba', '2023-12-28 07:27:30', '2023-12-28 07:27:30'),
(450, 'Umer Kot', '2023-12-28 07:27:30', '2023-12-28 07:27:30'),
(451, 'Upper deval', '2023-12-28 07:27:30', '2023-12-28 07:27:30'),
(452, 'Usta Muhammad', '2023-12-28 07:27:31', '2023-12-28 07:27:31'),
(453, 'Vehari', '2023-12-28 07:27:31', '2023-12-28 07:27:31'),
(454, 'Village Sunder', '2023-12-28 07:27:31', '2023-12-28 07:27:31'),
(455, 'Wah cantt', '2023-12-28 07:27:31', '2023-12-28 07:27:31'),
(456, 'Wahi hassain', '2023-12-28 07:27:31', '2023-12-28 07:27:31'),
(457, 'Wahn Bachran', '2023-12-28 07:27:31', '2023-12-28 07:27:31'),
(458, 'Wan radha ram', '2023-12-28 07:27:31', '2023-12-28 07:27:31'),
(459, 'Warah', '2023-12-28 07:27:31', '2023-12-28 07:27:31'),
(460, 'Warburton', '2023-12-28 07:27:31', '2023-12-28 07:27:31'),
(461, 'Wazirabad', '2023-12-28 07:27:31', '2023-12-28 07:27:31'),
(462, 'Yazman mandi', '2023-12-28 07:27:31', '2023-12-28 07:27:31'),
(463, 'Zahir Peer', '2023-12-28 07:27:31', '2023-12-28 07:27:31'),
(464, 'Zafarwal', '2023-12-28 07:27:31', '2023-12-28 07:27:31'),
(465, 'Zhob', '2023-12-28 07:27:31', '2023-12-28 07:27:31'),
(466, 'Ziarat', '2023-12-28 07:27:31', '2023-12-28 07:27:31');

-- --------------------------------------------------------

--
-- Table structure for table `favourites`
--

CREATE TABLE `favourites` (
  `id` bigint(20) UNSIGNED NOT NULL,
  `user_id` bigint(20) UNSIGNED NOT NULL,
  `post_type` tinyint(4) NOT NULL COMMENT '0 = product_post, 1 = product_request',
  `post_id` bigint(20) UNSIGNED NOT NULL,
  `created_at` timestamp NULL DEFAULT NULL,
  `updated_at` timestamp NULL DEFAULT NULL
) ENGINE=InnoDB DEFAULT CHARSET=utf8mb4 COLLATE=utf8mb4_unicode_ci;

--
-- Dumping data for table `favourites`
--

INSERT INTO `favourites` (`id`, `user_id`, `post_type`, `post_id`, `created_at`, `updated_at`) VALUES
(23, 92, 0, 16, '2024-01-04 03:56:10', '2024-01-04 03:56:10');

-- --------------------------------------------------------

--
-- Table structure for table `messages`
--

CREATE TABLE `messages` (
  `id` bigint(20) UNSIGNED NOT NULL,
  `chat_id` bigint(20) UNSIGNED NOT NULL,
  `sender_id` bigint(20) UNSIGNED NOT NULL,
  `receiver_id` bigint(20) UNSIGNED NOT NULL,
  `msg_type` tinyint(4) NOT NULL DEFAULT 0 COMMENT '0: Text, 1: Image',
  `message` text DEFAULT NULL,
  `image` varchar(255) DEFAULT NULL,
  `is_read` tinyint(4) NOT NULL DEFAULT 0 COMMENT '0: unread, 1:read',
  `created_at` timestamp NULL DEFAULT NULL,
  `updated_at` timestamp NULL DEFAULT NULL
) ENGINE=InnoDB DEFAULT CHARSET=utf8mb4 COLLATE=utf8mb4_unicode_ci;

--
-- Dumping data for table `messages`
--

INSERT INTO `messages` (`id`, `chat_id`, `sender_id`, `receiver_id`, `msg_type`, `message`, `image`, `is_read`, `created_at`, `updated_at`) VALUES
(1, 1, 96, 92, 1, '', 'chat1704274999.jfif', 1, '2024-01-03 04:43:19', '2024-01-03 04:58:14'),
(2, 1, 96, 92, 0, 'Hey There 2!', NULL, 1, '2024-01-03 04:44:27', '2024-01-03 04:58:14'),
(21, 1, 96, 92, 0, 'Reply  Msg', NULL, 0, '2024-01-03 08:54:19', '2024-01-03 08:54:19');

-- --------------------------------------------------------

--
-- Table structure for table `product_posts`
--

CREATE TABLE `product_posts` (
  `id` bigint(20) UNSIGNED NOT NULL,
  `title` varchar(255) NOT NULL,
  `product_location` bigint(20) DEFAULT NULL,
  `unit_id` bigint(20) UNSIGNED NOT NULL,
  `price` varchar(255) DEFAULT NULL,
  `quantity` varchar(255) DEFAULT NULL,
  `category_id` bigint(20) UNSIGNED NOT NULL,
  `subcategory_id` bigint(20) UNSIGNED NOT NULL,
  `moisture` varchar(255) DEFAULT NULL,
  `place_of_origin` varchar(255) DEFAULT NULL,
  `brand` varchar(255) DEFAULT NULL,
  `model_no` varchar(255) DEFAULT NULL,
  `certification` varchar(255) DEFAULT NULL,
  `description` longtext DEFAULT NULL,
  `images` text DEFAULT NULL,
  `status` tinyint(4) NOT NULL DEFAULT 1 COMMENT '0 = Inactive, 1 = Active, 2 = sold, 3 = blocked',
  `vendor_id` bigint(20) UNSIGNED NOT NULL,
  `vendor_location` varchar(255) DEFAULT NULL,
  `created_at` timestamp NULL DEFAULT NULL,
  `updated_at` timestamp NULL DEFAULT NULL
) ENGINE=InnoDB DEFAULT CHARSET=utf8mb4 COLLATE=utf8mb4_unicode_ci;

--
-- Dumping data for table `product_posts`
--

INSERT INTO `product_posts` (`id`, `title`, `product_location`, `unit_id`, `price`, `quantity`, `category_id`, `subcategory_id`, `moisture`, `place_of_origin`, `brand`, `model_no`, `certification`, `description`, `images`, `status`, `vendor_id`, `vendor_location`, `created_at`, `updated_at`) VALUES
(16, '100 %  Pure Desi Ghee from Buffalo Milk & Butter', 178, 9, '2500', '02', 12, 48, '99', NULL, 'ASG Dairy Farm', NULL, NULL, '100 %  Pure Desi Ghee from Buffalo Milk', '[\"prod_req_1704098698_65927b8a5466c.png\",\"prod_req_1704098698_65927b8a5523d.jpg\",\"prod_req_1704098698_65927b8a55d3c.jpg\",\"prod_req_1704098698_65927b8a5687c.jpg\",\"prod_req_1704098698_65927b8a57e7c.jpg\",\"prod_req_1704098698_65927b8a58969.jpg\"]', 1, 92, '152', '2024-01-01 03:44:58', '2024-01-02 02:44:01'),
(17, 'Brown Sugar', 178, 8, '225', '120', 26, 36, '1', 'Bahawalpur Villages', 'Yoshux', '123', 'PFA', 'Lorem Ipsum is simply dummy text of the printing and typesetting industry. Lorem Ipsum has been the industry\'s standard dummy text ever since the 1500s, when an unknown printer took a galley of type and scrambled it to make a type specimen book. It has survived not only five centuries, but also the leap into electronic typesetting, remaining essentially unchanged. It was popularised in the 1960s with the release of Letraset sheets containing Lorem Ipsum passages, and more recently with desktop publishing software like Aldus PageMaker including versions of Lorem Ipsum.', '[\"prod_req_1704363779_65968703cbec5.jfif\",\"prod_req_1704363779_65968703ccabe.jfif\",\"prod_req_1704363779_65968703cd45f.jfif\"]', 1, 92, '152', '2024-01-04 05:22:59', '2024-01-04 05:22:59'),
(18, 'White Sugar', 178, 8, '311', '1210', 26, 37, '1', 'Bahawalpur Villages', 'Yoshux', '123', 'PFA', 'Lorem Ipsum is simply dummy text of the printing and typesetting industry. Lorem Ipsum has been the industry\'s standard dummy text ever since the 1500s, when an unknown printer took a galley of type and scrambled it to make a type specimen book. It has survived not only five centuries, but also the leap into electronic typesetting, remaining essentially unchanged. It was popularised in the 1960s with the release of Letraset sheets containing Lorem Ipsum passages, and more recently with desktop publishing software like Aldus PageMaker including versions of Lorem Ipsum.', '[\"prod_req_1704363897_65968779b918c.jfif\",\"prod_req_1704363897_65968779b9e15.jfif\",\"prod_req_1704363897_65968779bb424.jfif\"]', 1, 92, '152', '2024-01-04 05:24:57', '2024-01-04 05:24:57'),
(19, 'Black Tea', 178, 8, '510', '600', 25, 40, '1', 'Bahawalpur Villages', 'Yoshux', '123', 'PFA', 'Lorem Ipsum is simply dummy text of the printing and typesetting industry. Lorem Ipsum has been the industry\'s standard dummy text ever since the 1500s, when an unknown printer took a galley of type and scrambled it to make a type specimen book. It has survived not only five centuries, but also the leap into electronic typesetting, remaining essentially unchanged. It was popularised in the 1960s with the release of Letraset sheets containing Lorem Ipsum passages, and more recently with desktop publishing software like Aldus PageMaker including versions of Lorem Ipsum.', '[\"prod_req_1704364100_65968844b31fa.jfif\",\"prod_req_1704364100_65968844b3ec4.jfif\",\"prod_req_1704364100_65968844b494d.jfif\"]', 1, 92, '152', '2024-01-04 05:28:20', '2024-01-04 05:28:20'),
(20, 'Green Tea', 178, 8, '990', '600', 25, 41, '1', 'Bahawalpur Villages', 'Yoshux', '123', 'PFA', 'Lorem Ipsum is simply dummy text of the printing and typesetting industry. Lorem Ipsum has been the industry\'s standard dummy text ever since the 1500s, when an unknown printer took a galley of type and scrambled it to make a type specimen book. It has survived not only five centuries, but also the leap into electronic typesetting, remaining essentially unchanged. It was popularised in the 1960s with the release of Letraset sheets containing Lorem Ipsum passages, and more recently with desktop publishing software like Aldus PageMaker including versions of Lorem Ipsum.', '[\"prod_req_1704364175_6596888fbe734.jfif\",\"prod_req_1704364175_6596888fbf22e.jfif\"]', 1, 92, '152', '2024-01-04 05:29:35', '2024-01-04 05:29:35'),
(21, 'Coffee', 178, 8, '2200', '600', 25, 39, '1', 'Bahawalpur Villages', 'Yoshux', '123', 'PFA', 'Lorem Ipsum is simply dummy text of the printing and typesetting industry. Lorem Ipsum has been the industry\'s standard dummy text ever since the 1500s, when an unknown printer took a galley of type and scrambled it to make a type specimen book. It has survived not only five centuries, but also the leap into electronic typesetting, remaining essentially unchanged. It was popularised in the 1960s with the release of Letraset sheets containing Lorem Ipsum passages, and more recently with desktop publishing software like Aldus PageMaker including versions of Lorem Ipsum.', '[\"prod_req_1704364256_659688e095ac1.jfif\",\"prod_req_1704364256_659688e09684b.jfif\"]', 1, 92, '152', '2024-01-04 05:30:56', '2024-01-04 05:30:56'),
(23, 'Local Juice', 45, 6, '400', '110', 10, 44, '100', 'Bahawalpur Villages', 'Yoshux', '123', 'PFA', 'Lorem Ipsum is simply dummy text of the printing and typesetting industry. Lorem Ipsum has been the industry\'s standard dummy text ever since the 1500s, when an unknown printer took a galley of type and scrambled it to make a type specimen book. It has survived not only five centuries, but also the leap into electronic typesetting, remaining essentially unchanged. It was popularised in the 1960s with the release of Letraset sheets containing Lorem Ipsum passages, and more recently with desktop publishing software like Aldus PageMaker including versions of Lorem Ipsum.', '[\"prod_req_1704364480_659689c087529.jfif\",\"prod_req_1704364480_659689c088631.jfif\",\"prod_req_1704364480_659689c089403.jfif\"]', 1, 92, '152', '2024-01-04 05:34:40', '2024-01-04 05:34:40'),
(24, 'Sting 500ml Pack of 6', 152, 29, '590', '20', 10, 43, '100', 'Pepsico', 'Yoshux', '123', 'PFA', 'Lorem Ipsum is simply dummy text of the printing and typesetting industry. Lorem Ipsum has been the industry\'s standard dummy text ever since the 1500s, when an unknown printer took a galley of type and scrambled it to make a type specimen book. It has survived not only five centuries, but also the leap into electronic typesetting, remaining essentially unchanged. It was popularised in the 1960s with the release of Letraset sheets containing Lorem Ipsum passages, and more recently with desktop publishing software like Aldus PageMaker including versions of Lorem Ipsum.', '[\"prod_req_1704364626_65968a52c79ae.jfif\",\"prod_req_1704364626_65968a52c8815.jfif\"]', 1, 92, '152', '2024-01-04 05:37:06', '2024-01-04 05:37:06'),
(25, 'Pure Honey Choti Makhi', 112, 7, '800', '2', 1, 42, '100', 'Solomans', 'Yoshux', '123', 'PFA', 'Lorem Ipsum is simply dummy text of the printing and typesetting industry. Lorem Ipsum has been the industry\'s standard dummy text ever since the 1500s, when an unknown printer took a galley of type and scrambled it to make a type specimen book. It has survived not only five centuries, but also the leap into electronic typesetting, remaining essentially unchanged. It was popularised in the 1960s with the release of Letraset sheets containing Lorem Ipsum passages, and more recently with desktop publishing software like Aldus PageMaker including versions of Lorem Ipsum.', '[\"prod_req_1704364766_65968ade5da35.jfif\",\"prod_req_1704364766_65968ade5e74e.jfif\"]', 1, 92, '152', '2024-01-04 05:39:26', '2024-01-04 05:39:26'),
(26, 'Khalis Sugar', 77, 8, '270', '1200', 26, 37, '1', 'Solomans', 'Yoshux', '123', 'PFA', 'Lorem Ipsum is simply dummy text of the printing and typesetting industry. Lorem Ipsum has been the industry\'s standard dummy text ever since the 1500s, when an unknown printer took a galley of type and scrambled it to make a type specimen book. It has survived not only five centuries, but also the leap into electronic typesetting, remaining essentially unchanged. It was popularised in the 1960s with the release of Letraset sheets containing Lorem Ipsum passages, and more recently with desktop publishing software like Aldus PageMaker including versions of Lorem Ipsum.', '[\"prod_req_1704364920_65968b784ddaf.jfif\",\"prod_req_1704364920_65968b784ea5b.jfif\"]', 1, 92, '152', '2024-01-04 05:42:00', '2024-01-04 05:42:00'),
(27, 'Asli Khalis Sugar', 77, 8, '330', '1201', 26, 37, '1', 'Solomans', 'Yoshux', '123', 'PFA', 'Lorem Ipsum is simply dummy text of the printing and typesetting industry. Lorem Ipsum has been the industry\'s standard dummy text ever since the 1500s, when an unknown printer took a galley of type and scrambled it to make a type specimen book. It has survived not only five centuries, but also the leap into electronic typesetting, remaining essentially unchanged. It was popularised in the 1960s with the release of Letraset sheets containing Lorem Ipsum passages, and more recently with desktop publishing software like Aldus PageMaker including versions of Lorem Ipsum.', '[\"prod_req_1704364990_65968bbe32b52.jfif\",\"prod_req_1704364990_65968bbe33807.jfif\"]', 1, 92, '152', '2024-01-04 05:43:10', '2024-01-04 05:43:10'),
(28, 'Desi Eggs', 192, 6, '400', '122', 11, 53, '1', 'Solomans', 'Yoshux', '123', 'PFA', 'Lorem Ipsum is simply dummy text of the printing and typesetting industry. Lorem Ipsum has been the industry\'s standard dummy text ever since the 1500s, when an unknown printer took a galley of type and scrambled it to make a type specimen book. It has survived not only five centuries, but also the leap into electronic typesetting, remaining essentially unchanged. It was popularised in the 1960s with the release of Letraset sheets containing Lorem Ipsum passages, and more recently with desktop publishing software like Aldus PageMaker including versions of Lorem Ipsum.', '[\"prod_req_1704365111_65968c3754e2c.jfif\",\"prod_req_1704365111_65968c3756279.jfif\"]', 1, 92, '152', '2024-01-04 05:45:11', '2024-01-08 00:43:08');

-- --------------------------------------------------------

--
-- Table structure for table `product_requests`
--

CREATE TABLE `product_requests` (
  `id` bigint(20) UNSIGNED NOT NULL,
  `title` varchar(255) NOT NULL,
  `product_location` bigint(20) UNSIGNED NOT NULL,
  `unit_id` bigint(20) UNSIGNED NOT NULL,
  `quantity` varchar(255) NOT NULL,
  `category_id` bigint(20) UNSIGNED NOT NULL,
  `subcategory_id` bigint(20) UNSIGNED NOT NULL,
  `moisture` varchar(255) DEFAULT NULL,
  `place_of_origin` varchar(255) DEFAULT NULL,
  `brand` varchar(255) DEFAULT NULL,
  `model_no` varchar(255) DEFAULT NULL,
  `certification` varchar(255) DEFAULT NULL,
  `description` text DEFAULT NULL,
  `image` varchar(255) DEFAULT NULL,
  `status` tinyint(4) NOT NULL DEFAULT 1,
  `vendor_id` bigint(20) UNSIGNED DEFAULT NULL,
  `vendor_location` bigint(20) UNSIGNED DEFAULT NULL,
  `created_at` timestamp NULL DEFAULT NULL,
  `updated_at` timestamp NULL DEFAULT NULL
) ENGINE=InnoDB DEFAULT CHARSET=utf8mb4 COLLATE=utf8mb4_unicode_ci;

--
-- Dumping data for table `product_requests`
--

INSERT INTO `product_requests` (`id`, `title`, `product_location`, `unit_id`, `quantity`, `category_id`, `subcategory_id`, `moisture`, `place_of_origin`, `brand`, `model_no`, `certification`, `description`, `image`, `status`, `vendor_id`, `vendor_location`, `created_at`, `updated_at`) VALUES
(6, 'Cooking Oil', 178, 9, '02', 12, 48, '99', 'Jammu Stop', 'Go Global', '37597', 'PFA', 'Palm Oil Used', 'prod_req_1704104004_65929044105c6.jfif', 1, 92, 152, '2024-01-01 05:13:24', '2024-01-05 01:20:39');

-- --------------------------------------------------------

--
-- Table structure for table `settings`
--

CREATE TABLE `settings` (
  `id` int(11) NOT NULL,
  `meta_tag` varchar(255) DEFAULT NULL,
  `meta_key` varchar(255) DEFAULT NULL,
  `meta_value` varchar(255) DEFAULT NULL
) ENGINE=InnoDB DEFAULT CHARSET=utf8mb4 COLLATE=utf8mb4_general_ci;

--
-- Dumping data for table `settings`
--

INSERT INTO `settings` (`id`, `meta_tag`, `meta_key`, `meta_value`) VALUES
(1, 'project', 'site_title', 'Mandi Links'),
(2, 'project', 'short_site_title', 'ML'),
(3, 'project', 'site_logo', 'logo.svg');

-- --------------------------------------------------------

--
-- Table structure for table `units`
--

CREATE TABLE `units` (
  `id` bigint(20) NOT NULL,
  `unit_name` varchar(255) DEFAULT NULL
) ENGINE=InnoDB DEFAULT CHARSET=utf8mb4 COLLATE=utf8mb4_general_ci;

--
-- Dumping data for table `units`
--

INSERT INTO `units` (`id`, `unit_name`) VALUES
(1, 'Acre'),
(2, 'Animal'),
(3, 'Bori'),
(4, 'Bag'),
(5, 'Drum'),
(6, 'Dozen'),
(7, '500 Grams'),
(8, 'Kilogram'),
(9, '2 Kg'),
(10, '5 Kg'),
(11, '10 Kg'),
(12, '20 Kg'),
(13, '40 Kg'),
(14, '50 Kg'),
(15, '100 Kg'),
(16, 'Kanal'),
(17, 'Ton'),
(18, '500 ml'),
(19, 'Litre'),
(20, '5 Litre'),
(21, '10 Litre'),
(22, '16 Litre'),
(23, '20 Litre'),
(24, '50 Litre'),
(25, '100 Litre'),
(26, '500 Litre'),
(27, '1000 Litre'),
(28, 'Pack'),
(29, 'Pack of 6'),
(30, 'Pack of 10'),
(31, 'Pack of 12'),
(32, 'Pack of 24'),
(33, 'Pack of 50'),
(34, 'Pack of 100'),
(35, 'Mun'),
(36, 'Maund'),
(37, 'Machine'),
(38, 'Peti'),
(39, 'Tray'),
(40, 'Trays'),
(41, 'Unit');

-- --------------------------------------------------------

--
-- Table structure for table `users`
--

CREATE TABLE `users` (
  `id` bigint(20) UNSIGNED NOT NULL,
  `name` varchar(255) DEFAULT NULL,
  `email` varchar(255) DEFAULT NULL,
  `password` varchar(255) DEFAULT NULL,
  `phone_no` varchar(255) DEFAULT NULL,
  `city_id` bigint(20) DEFAULT NULL,
  `address` text DEFAULT NULL,
  `zip` int(5) DEFAULT NULL,
  `image_name` varchar(255) DEFAULT 'user.png',
  `otp` int(4) DEFAULT NULL,
  `status` tinyint(4) NOT NULL DEFAULT 1 COMMENT '0=inactive or del by user, 1=active',
  `device_token` varchar(255) CHARACTER SET utf8mb4 COLLATE utf8mb4_unicode_ci DEFAULT NULL,
  `is_blocked` tinyint(4) NOT NULL DEFAULT 0,
  `created_at` datetime DEFAULT NULL,
  `updated_at` datetime DEFAULT NULL
) ENGINE=MyISAM DEFAULT CHARSET=latin1 COLLATE=latin1_swedish_ci;

--
-- Dumping data for table `users`
--

INSERT INTO `users` (`id`, `name`, `email`, `password`, `phone_no`, `city_id`, `address`, `zip`, `image_name`, `otp`, `status`, `device_token`, `is_blocked`, `created_at`, `updated_at`) VALUES
(92, 'John Doe', 'calebjanaltair@gmail.com', '$2y$12$A1kHkTc5TnFL7swEQMr/KuUvw5jkP7OnoHV.xxe.7Wyg2sGvyIJ9i', '+923394008600', 152, '4170 Barkat Market', 54000, 'dp_1704793042.jpg', 5941, 1, 'fLYXr28w9mvyExSipi0rxI:APA91bGtHq5Q28N2xLAKS3xPogotthnJ0G-E7AuryBRtQuuU8xspXcsLKHGIXUtU2hSc_vFrQkzk7SPDNgjW4hqCz0CrADknD1N2rrmmbmXAP8Jsa1X3-RDuG5m7GoPIOx8F9mDp2kfn', 0, '2023-12-29 09:49:14', '2024-01-09 09:37:22'),
(96, 'Test User', 'test@gmail.com', '$2y$12$A1kHkTc5TnFL7swEQMr/KuUvw5jkP7OnoHV.xxe.7Wyg2sGvyIJ9i', '+923302430695', NULL, 'Sattu Katla', 54000, 'user.png', NULL, 1, 'fLYXr28w9mvyExSipi0rxI:APA91bGtHq5Q28N2xLAKS3xPogotthnJ0G-E7AuryBRtQuuU8xspXcsLKHGIXUtU2hSc_vFrQkzk7SPDNgjW4hqCz0CrADknD1N2rrmmbmXAP8Jsa1X3-RDuG5m7GoPIOx8F9mDp2kfn', 0, '2024-01-03 14:41:53', '2024-01-08 08:08:57');

--
-- Indexes for dumped tables
--

--
-- Indexes for table `admin_users`
--
ALTER TABLE `admin_users`
  ADD PRIMARY KEY (`id`);

--
-- Indexes for table `blogs`
--
ALTER TABLE `blogs`
  ADD PRIMARY KEY (`id`);

--
-- Indexes for table `categories`
--
ALTER TABLE `categories`
  ADD PRIMARY KEY (`id`),
  ADD KEY `categories_parent_id_foreign` (`parent_id`);

--
-- Indexes for table `chats`
--
ALTER TABLE `chats`
  ADD PRIMARY KEY (`id`);

--
-- Indexes for table `cities`
--
ALTER TABLE `cities`
  ADD PRIMARY KEY (`id`);

--
-- Indexes for table `favourites`
--
ALTER TABLE `favourites`
  ADD PRIMARY KEY (`id`);

--
-- Indexes for table `messages`
--
ALTER TABLE `messages`
  ADD PRIMARY KEY (`id`),
  ADD KEY `messages_chat_id_foreign` (`chat_id`);

--
-- Indexes for table `product_posts`
--
ALTER TABLE `product_posts`
  ADD PRIMARY KEY (`id`);

--
-- Indexes for table `product_requests`
--
ALTER TABLE `product_requests`
  ADD PRIMARY KEY (`id`),
  ADD KEY `product_requests_product_location_foreign` (`product_location`),
  ADD KEY `product_requests_vendor_location_foreign` (`vendor_location`),
  ADD KEY `product_requests_category_id_foreign` (`category_id`),
  ADD KEY `product_requests_subcategory_id_foreign` (`subcategory_id`);

--
-- Indexes for table `settings`
--
ALTER TABLE `settings`
  ADD PRIMARY KEY (`id`);

--
-- Indexes for table `units`
--
ALTER TABLE `units`
  ADD PRIMARY KEY (`id`);

--
-- Indexes for table `users`
--
ALTER TABLE `users`
  ADD PRIMARY KEY (`id`);

--
-- AUTO_INCREMENT for dumped tables
--

--
-- AUTO_INCREMENT for table `admin_users`
--
ALTER TABLE `admin_users`
  MODIFY `id` int(11) NOT NULL AUTO_INCREMENT, AUTO_INCREMENT=5;

--
-- AUTO_INCREMENT for table `blogs`
--
ALTER TABLE `blogs`
  MODIFY `id` bigint(20) UNSIGNED NOT NULL AUTO_INCREMENT, AUTO_INCREMENT=15;

--
-- AUTO_INCREMENT for table `categories`
--
ALTER TABLE `categories`
  MODIFY `id` bigint(20) UNSIGNED NOT NULL AUTO_INCREMENT, AUTO_INCREMENT=56;

--
-- AUTO_INCREMENT for table `chats`
--
ALTER TABLE `chats`
  MODIFY `id` bigint(20) UNSIGNED NOT NULL AUTO_INCREMENT, AUTO_INCREMENT=2;

--
-- AUTO_INCREMENT for table `cities`
--
ALTER TABLE `cities`
  MODIFY `id` bigint(20) UNSIGNED NOT NULL AUTO_INCREMENT, AUTO_INCREMENT=468;

--
-- AUTO_INCREMENT for table `favourites`
--
ALTER TABLE `favourites`
  MODIFY `id` bigint(20) UNSIGNED NOT NULL AUTO_INCREMENT, AUTO_INCREMENT=24;

--
-- AUTO_INCREMENT for table `messages`
--
ALTER TABLE `messages`
  MODIFY `id` bigint(20) UNSIGNED NOT NULL AUTO_INCREMENT, AUTO_INCREMENT=22;

--
-- AUTO_INCREMENT for table `product_posts`
--
ALTER TABLE `product_posts`
  MODIFY `id` bigint(20) UNSIGNED NOT NULL AUTO_INCREMENT, AUTO_INCREMENT=29;

--
-- AUTO_INCREMENT for table `product_requests`
--
ALTER TABLE `product_requests`
  MODIFY `id` bigint(20) UNSIGNED NOT NULL AUTO_INCREMENT, AUTO_INCREMENT=7;

--
-- AUTO_INCREMENT for table `settings`
--
ALTER TABLE `settings`
  MODIFY `id` int(11) NOT NULL AUTO_INCREMENT, AUTO_INCREMENT=4;

--
-- AUTO_INCREMENT for table `units`
--
ALTER TABLE `units`
  MODIFY `id` bigint(20) NOT NULL AUTO_INCREMENT, AUTO_INCREMENT=42;

--
-- AUTO_INCREMENT for table `users`
--
ALTER TABLE `users`
  MODIFY `id` bigint(20) UNSIGNED NOT NULL AUTO_INCREMENT, AUTO_INCREMENT=97;

--
-- Constraints for dumped tables
--

--
-- Constraints for table `categories`
--
ALTER TABLE `categories`
  ADD CONSTRAINT `categories_parent_id_foreign` FOREIGN KEY (`parent_id`) REFERENCES `categories` (`id`) ON DELETE CASCADE;

--
-- Constraints for table `messages`
--
ALTER TABLE `messages`
  ADD CONSTRAINT `messages_chat_id_foreign` FOREIGN KEY (`chat_id`) REFERENCES `chats` (`id`) ON DELETE CASCADE;

--
-- Constraints for table `product_requests`
--
ALTER TABLE `product_requests`
  ADD CONSTRAINT `product_requests_category_id_foreign` FOREIGN KEY (`category_id`) REFERENCES `categories` (`id`) ON DELETE CASCADE,
  ADD CONSTRAINT `product_requests_product_location_foreign` FOREIGN KEY (`product_location`) REFERENCES `cities` (`id`) ON DELETE CASCADE,
  ADD CONSTRAINT `product_requests_subcategory_id_foreign` FOREIGN KEY (`subcategory_id`) REFERENCES `categories` (`id`) ON DELETE CASCADE,
  ADD CONSTRAINT `product_requests_vendor_location_foreign` FOREIGN KEY (`vendor_location`) REFERENCES `cities` (`id`) ON DELETE CASCADE;
COMMIT;

/*!40101 SET CHARACTER_SET_CLIENT=@OLD_CHARACTER_SET_CLIENT */;
/*!40101 SET CHARACTER_SET_RESULTS=@OLD_CHARACTER_SET_RESULTS */;
/*!40101 SET COLLATION_CONNECTION=@OLD_COLLATION_CONNECTION */;
